"Referring page title"	"Referring page URL"	"Language"	"Platform"	"Referring page HTTP code"	"Domain rating"	"UR"	"Domain traffic"	"Referring domains"	"Linked domains"	"External links"	"Page traffic"	"Keywords"	"Target URL"	"Left context"	"Anchor"	"Right context"	"Redirect Chain URLs"	"Redirect Chain status codes"	"Type"	"Is spam"	"Content"	"Nofollow"	"UGC"	"Sponsored"	"Rendered"	"Raw"	"Lost status"	"Drop reason"	"Discovered status"	"First seen"	"Last seen"	"Lost"	"Author"	"Page type"	"Page category"
"Hold that salt! Top 5 foods packed with sodium | Globalnews.ca"	"https://globalnews.ca/news/1208769/hold-that-salt-top-5-foods-packed-with-sodium/"	"en"	"wordpress"	"200"	"89"	"4.5"	"2601134"	"0"	"15"	"26"	"39"	"3"	"https://www.healthcheck.org/node/11157"	"Global News asked longtime Heart and Stroke Foundation dietitian"	"Carol Dombrow"	"to list which foods that we eat on a daily"	"http://www.healthcheck.org/node/11157"	"301"	"text"	"false"	"true"	"false"	"false"	"false"	"false"	"true"	""	""	"linkrestored"	"2021-04-10 21:05:58"	"2026-09-24 06:21:28"	""	"Carmen Chai"	"Article > Listicle"	"Health > Nutrition > Restricted diets; Food > Food > Natural foods"
"Hold that salt! Top 5 foods packed with sodium | Globalnews.ca"	"https://globalnews.ca/news/1208769/hold-that-salt-top-5-foods-packed-with-sodium/"	"en"	"wordpress"	"200"	"89"	"4.5"	"2601134"	"0"	"15"	"26"	"39"	"3"	"http://www.healthcheck.org/"	"Global News asked longtime"	"Heart and Stroke Foundation"	"dietitian Carol Dombrow to list which foods that we eat"	""	""	"text"	"false"	"true"	"false"	"false"	"false"	"false"	"true"	""	""	"pagefound"	"2020-08-05 05:46:47"	"2026-09-24 06:21:28"	""	"Carmen Chai"	"Article > Listicle"	"Health > Nutrition > Restricted diets; Food > Food > Natural foods"
"Hold that salt! Top 5 foods packed with sodium | Globalnews.ca"	"https://globalnews.ca/news/1208769/hold-that-salt-top-5-foods-packed-with-sodium/"	"en"	"wordpress"	"200"	"89"	"4.5"	"2601134"	"0"	"15"	"26"	"39"	"3"	"http://www.healthcheck.org/node/11157"	"Global News asked longtime Heart and Stroke Foundation dietitian"	"Carol Dombrow"	"to list which foods that we eat on a daily"	""	""	"text"	"false"	"true"	"false"	"false"	"false"	"false"	"true"	""	""	"pagefound"	"2020-08-05 05:46:47"	"2026-09-24 06:21:28"	""	"Carmen Chai"	"Article > Listicle"	"Health > Nutrition > Restricted diets; Food > Food > Natural foods"
"Alberta Unbound"	"https://albertainnovates.ca/wp-content/uploads/2017/11/Conference_Board_-_Alberta_Unbound__2013-10-17__final_report.pdf"	"en"	""	"200"	"71"	"0"	"1179"	"0"	"71"	"168"	"27"	"1"	"https://www.healthcheck.org/page/what-health-check"	""	"Heart & Stroke Foundation. What is Health Check? www.healthcheck.org/page/what-health-"	"check (accessed February 22, 2012)."	"http://www.healthcheck.org/page/what-health-check"	"308"	"text"	"false"	"true"	"false"	"false"	"false"	"false"	"true"	""	""	"pagefound"	"2026-09-26 14:40:32"	"2026-09-26 14:40:32"	""	""	"Article > Research"	"Food > Food > Natural foods; Business > Hospitality industry > Food; Health"
"Alberta Unbound"	"https://albertainnovates.ca/wp-content/uploads/2017/11/Conference_Board_-_Alberta_Unbound__2013-10-17__final_report.pdf"	"en"	""	"200"	"71"	"0"	"1179"	"0"	"71"	"168"	"27"	"1"	"http://www.healthcheck.org/page/what-health-check"	""	"Heart & Stroke Foundation. What is Health Check? www.healthcheck.org/page/what-health-"	"check (accessed February 22, 2012)."	""	""	"text"	"false"	"true"	"false"	"false"	"false"	"false"	"true"	""	""	"pagefound"	"2026-09-26 14:40:32"	"2026-09-26 14:40:32"	""	""	"Article > Research"	"Food > Food > Natural foods; Business > Hospitality industry > Food; Health"
"Are you eating too much sugar?"	"https://www.besthealthmag.ca/article/are-you-eating-too-much-sugar/"	"en"	"wordpress"	"200"	"75"	"4.5"	"33938"	"0"	"14"	"21"	"11"	"2"	"http://www.healthcheck.org/"	"registered dietitian for the Heart and Stroke Foundation of Canada’s"	"Health Check"	"food information program, aimed at promoting healthy eating. But no"	""	""	"text"	"false"	"true"	"true"	"false"	"false"	"false"	"true"	""	""	"linkrestored"	"2021-02-24 23:04:40"	"2026-10-01 19:28:56"	""	"Drew Scarantino"	"Article > Opinion"	"Health > Nutrition > Restricted diets; Food > Food > Vegetables"
"Healthy Eating for Seniors"	"https://www2.gov.bc.ca/assets/gov/people/seniors/health-safety/pdf/hefs_web_english.pdf"	"en"	""	"200"	"91"	"4.6"	"1348836"	"5"	"23"	"34"	"2"	"2"	"https://www.healthcheck.org/"	"met specific nutrition criteria based on Canada's Food Guide. Visit"	"www.healthcheck.org"	"."	""	""	"text"	"false"	"true"	"true"	"false"	"false"	"false"	"true"	""	""	"linkfound"	"2026-09-26 23:42:58"	"2026-09-26 23:42:58"	""	""	"Article > Guide"	"Health > Geriatrics > Alzheimer's disease; Society > Retirement; Food > Recipes"
"How much sugar should you be eating? How to follow WHO’s guidelines | Globalnews.ca"	"https://globalnews.ca/news/1203149/how-much-sugar-should-you-be-eating-how-to-follow-whos-guidelines/"	"en"	"wordpress"	"200"	"89"	"4.6"	"2601134"	"1"	"15"	"27"	"1"	"1"	"http://www.healthcheck.org/page/katie-jessop-rd"	"you may not recognize as having any sugar in them,”"	"Katie Jessop"	", a registered dietitian with the Heart and Stroke Foundation"	""	""	"text"	"false"	"true"	"false"	"false"	"false"	"true"	"true"	""	""	"pagefound"	"2020-08-05 01:09:17"	"2026-09-20 21:03:34"	""	"Carmen Chai"	"Article > How-to"	"Health > Nutrition > Restricted diets; Food > Food > Vegetables"
"How much sugar should you be eating? How to follow WHO’s guidelines | Globalnews.ca"	"https://globalnews.ca/news/1203149/how-much-sugar-should-you-be-eating-how-to-follow-whos-guidelines/"	"en"	"wordpress"	"200"	"89"	"4.6"	"2601134"	"1"	"15"	"27"	"1"	"1"	"http://www.healthcheck.org/"	"in them,” Katie Jessop , a registered dietitian with the"	"Heart and Stroke Foundation"	", said."	""	""	"text"	"false"	"true"	"false"	"false"	"false"	"true"	"true"	""	""	"pagefound"	"2020-08-05 01:09:17"	"2026-09-20 21:03:34"	""	"Carmen Chai"	"Article > How-to"	"Health > Nutrition > Restricted diets; Food > Food > Vegetables"
"How much sugar should you be eating? How to follow WHO’s guidelines | Globalnews.ca"	"https://globalnews.ca/news/1203149/how-much-sugar-should-you-be-eating-how-to-follow-whos-guidelines/"	"en"	"wordpress"	"200"	"89"	"4.6"	"2601134"	"1"	"15"	"27"	"1"	"1"	"https://www.healthcheck.org/page/katie-jessop-rd"	"you may not recognize as having any sugar in them,”"	"Katie Jessop"	", a registered dietitian with the Heart and Stroke Foundation"	"http://www.healthcheck.org/page/katie-jessop-rd"	"301"	"text"	"false"	"true"	"false"	"false"	"false"	"true"	"true"	""	""	"linkrestored"	"2021-05-02 00:51:58"	"2026-09-20 21:03:34"	""	"Carmen Chai"	"Article > How-to"	"Health > Nutrition > Restricted diets; Food > Food > Vegetables"
"Frontiers | An Overview of the Sociological and Environmental Factors Influencing Eating Food Behavior in Canada"	"https://www.frontiersin.org/journals/nutrition/articles/10.3389/fnut.2020.00077/full"	"en"	""	"200"	"92"	"4.4"	"650562"	"17"	"40"	"254"	"1"	"4"	"http://www.healthcheck.org/"	"in Canada is the Heart and Stroke Foundation‘sHealth Check™ ("	"http://www.healthcheck.org/"	"). For a product to be accepted as safe and"	""	""	"text"	"false"	"true"	"false"	"false"	"false"	"true"	"true"	""	""	"pagefound"	"2024-07-03 19:31:10"	"2026-09-27 22:38:37"	""	""	"Article > Research"	"Science > Environment > Global warming; Food > Food > Natural foods; Health > Nutrition > Restricted diets; Society > Social sciences"
"Healthy Eating for Seniors"	"https://www.healthlinkbc.ca/sites/default/files/documents/hefs_web_chinese_0.pdf"	"zh-tw"	""	"200"	"80"	"8"	"306560"	"0"	"23"	"35"	"0"	"0"	"https://www.healthcheck.org/"	"「加拿大心臟及中風基金會」也負責一項名為 Health Check™的項目運作。這是一個全國性的 非牟利食物資訊計劃，向消費者提供一套有關 食肆餐牌和食物包裝的快速參考指引 (以符號表 示)。印有這個符號的食品，保證符合《加拿大 食物指南》特定之營養標準。詳情請上網瀏覽"	"www.healthcheck.org"	"。"	""	""	"text"	"false"	"true"	"false"	"false"	"false"	"false"	"true"	""	""	"linkfound"	"2026-09-25 13:43:38"	"2026-09-25 13:43:38"	""	""	"Document > Worksheet"	"Health > Geriatrics > Alzheimer's disease; Society > Retirement; Food > Recipes > Healthy eating"
"Dare Foods メルバ トーストプレーン オリジナル レビュー"	"http://import-selection.ciao.jp/itm/item-0248.shtml"	"ja"	""	"200"	"79"	"5"	"62444"	"1"	"6"	"13"	"0"	"0"	"http://www.healthcheck.org/"	"詳しくは"	"http://www.healthcheck.org/"	""	""	""	"text"	"false"	"true"	"false"	"false"	"false"	"true"	"true"	""	""	"pagefound"	"2024-06-04 22:02:26"	"2026-09-21 10:55:27"	""	""	"Listing > Product"	"Food > Food > Sweets; Shopping > Special event items > Gifts"
"Important Links - Gluxus Health - COMFORTAID"	"https://www.gluxus.com/diabetes-resources/about-diabetes/links/"	"en"	"wordpress"	"200"	"6"	"4.9"	"0"	"0"	"35"	"73"	"0"	"0"	"https://www.healthcheck.org/"	""	"Health Check™"	""	"http://www.healthcheck.org/"	"301"	"text"	"false"	"true"	"false"	"false"	"false"	"false"	"true"	""	""	"linkfound"	"2026-04-09 20:22:47"	"2026-04-26 19:09:40"	""	""	""	""
"There's a lot of appeal to Ontario Veal!"	"https://edana.ca/ontario-veal-appeal/nutrition.php"	"en"	""	"200"	"0.1"	"4.9"	"0"	"0"	"3"	"4"	"0"	"0"	"http://www.healthcheck.org/"	"Health Check™ education program. This is not an endorsement. See"	"www.healthcheck.org"	"."	""	""	"text"	"false"	"true"	"false"	"false"	"false"	"false"	"true"	""	""	"pagefound"	"2025-01-18 13:24:29"	"2026-10-02 14:57:56"	""	""	"Article > Wiki"	"Health > Nutrition > Supplements; Food > Food > Vegetables"
"Important Links - Gluxus Health - COMFORTAID"	"https://www.gluxus.com/diabetes-resources/about-diabetes/links/"	"en"	"wordpress"	"200"	"6"	"4.9"	"0"	"0"	"35"	"73"	"0"	"0"	"http://www.healthcheck.org/"	""	"Health Check™"	""	""	""	"text"	"false"	"true"	"false"	"false"	"false"	"false"	"true"	""	""	"linkrestored"	"2024-08-19 06:28:28"	"2026-04-26 19:09:40"	""	""	""	""
"Extreme Pita main page"	"http://www.extremepitast.ca/public/Index%202013.html"	"en"	""	"200"	"0"	"4.8"	"0"	"0"	"3"	"6"	"0"	"0"	"http://www.healthcheck.org/restosearch?tid=970&keys="	""	""	"Listed Pitas with the Heart and Stroke Foundation"	""	""	"image"	"false"	"false"	"false"	"false"	"false"	"false"	"true"	""	""	"pagefound"	"2023-04-20 00:36:54"	"2026-09-25 16:55:49"	""	""	"Listing > Business"	"Food > Restaurants > Fast food; Health > Nutrition > Restricted diets; Business > Hospitality industry > Food"
"Hometown Pork - Fresh, Local Wholesome Pork - Canada"	"https://hometownpork.ca/home"	"en"	""	"200"	"0"	"4.8"	"0"	"0"	"4"	"4"	"0"	"0"	"http://www.healthcheck.org/"	""	""	""	""	""	"image"	"false"	"false"	"false"	"false"	"false"	"false"	"true"	""	""	"pagefound"	"2019-05-01 20:06:44"	"2026-09-28 23:44:20"	""	""	"Landing > Product"	"Food > Food > Seafood; Business > Forestry > Ranches"
"Hometown Pork - Fresh, Local Wholesome Pork - Canada"	"http://hometownpork.ca/home"	"en"	""	"200"	"0"	"4.8"	"0"	"0"	"4"	"4"	"0"	"0"	"http://www.healthcheck.org/"	""	""	""	""	""	"image"	"false"	"false"	"false"	"false"	"false"	"false"	"true"	""	""	"pagefound"	"2018-04-25 08:17:56"	"2026-09-24 15:57:46"	""	""	"Site page > Home"	"Food > Food > Seafood; Business > Forestry > Ranches"
"Extreme Pita South Calgary School Lunch Program"	"http://www.extremepitast.ca/public/School%20Lunch%202013.html"	""	""	"200"	"0"	"4.8"	"0"	"0"	"1"	"1"	"0"	"0"	"http://www.healthcheck.org/restosearch?tid=970&keys="	""	""	""	""	""	"image"	"false"	"false"	"false"	"false"	"false"	"false"	"true"	""	""	"pagefound"	"2013-08-08 18:40:02"	"2026-09-25 18:46:54"	""	""	"Landing > Service"	"Food > Recipes > Cuisines; Jobs and education > Education > Secondary schooling"
"Weighty Matters: August 2010"	"http://www.weightymatters.ca/2010/08/"	"en"	""	"200"	"47"	"4.7"	"47"	"0"	"38"	"120"	"0"	"0"	"http://www.healthcheck.org/sites/default/files/editor/HC10_Nutrient%20Criteriapdf_changes_Aug10.pdf"	"an across the Health Check board reduction in their program's"	"allowable levels of sodium"	"."	""	""	"text"	"false"	"false"	"false"	"false"	"false"	"false"	"true"	""	""	"pagefound"	"2022-08-10 02:12:26"	"2026-10-01 04:02:47"	""	""	"Listing collection > Article"	"Beauty > Weight loss; Health > Nutrition > Restricted diets"
"Weighty Matters: 2007"	"http://www.weightymatters.ca/2007/"	"en"	""	"200"	"47"	"4.7"	"47"	"1"	"34"	"107"	"0"	"0"	"http://www.healthcheck.org/page/grocery-product-licensee-fees"	"spreadsheet here , but based on the posted Health Check"	"fees"	"and program participants , Health Check seems to generate a"	""	""	"text"	"false"	"false"	"false"	"false"	"false"	"true"	"true"	""	""	"pagefound"	"2022-03-24 03:21:32"	"2026-10-01 04:28:12"	""	""	"Article > Opinion"	"Beauty > Weight loss; Health > Nutrition > Restricted diets"
"Weighty Matters: December 2009"	"http://www.weightymatters.ca/2009/12/"	"en"	""	"200"	"47"	"4.7"	"47"	"0"	"38"	"113"	"0"	"0"	"https://www.healthcheck.org/story/health-check-drives-away-salt"	"Check"	"this"	"out - here a quote from a Health Check promotion,"	"http://www.healthcheck.org/story/health-check-drives-away-salt"	"308"	"text"	"false"	"false"	"false"	"false"	"false"	"false"	"true"	""	""	"linkrestored"	"2022-02-24 04:08:19"	"2026-10-01 03:29:50"	""	""	"Article > Opinion"	"Beauty > Weight loss; Health > Nutrition > Restricted diets"
"Weighty Matters: May 2007"	"http://www.weightymatters.ca/2007/05/"	"en"	""	"200"	"47"	"4.7"	"47"	"0"	"45"	"112"	"0"	"0"	"https://www.healthcheck.org/page/grocery-product-licensee-fees"	"costs to buy the rites to a Health Check endoresement"	"click here"	", but to give you a flavour, here are the"	"http://www.healthcheck.org/page/grocery-product-licensee-fees"	"308"	"text"	"false"	"true"	"false"	"false"	"false"	"false"	"true"	""	""	"linkrestored"	"2023-07-27 23:50:38"	"2026-10-01 02:53:40"	""	""	"Article > Opinion"	"Beauty > Weight loss; Health > Nutrition > Restricted diets"
"Weighty Matters: 2008"	"http://www.weightymatters.ca/2008/"	"en"	""	"200"	"47"	"4.7"	"47"	"1"	"58"	"207"	"0"	"0"	"http://www.healthcheck.org/sites/default/files/editor/HealthCheck_Nutrient%20criteria_retail_2009%282%29_0.pdf"	"then comparing them with the newly updated Health Check's ("	"posted just over a month ago"	"and not slated to be implemented until 2010) you can"	""	""	"text"	"false"	"true"	"false"	"false"	"false"	"true"	"true"	""	""	"pagefound"	"2021-07-31 23:03:23"	"2026-10-01 04:27:16"	""	""	"Article > Opinion"	"Beauty > Weight loss; Health > Nutrition > Restricted diets"
"Weighty Matters: January 2010"	"http://www.weightymatters.ca/2010/01/"	"en"	""	"200"	"47"	"4.7"	"47"	"0"	"54"	"162"	"0"	"0"	"http://www.healthcheck.org/sites/default/files/editor/HealthCheck_NutrientCriteria_Retail_October09.pdf"	"labeling program that thinks 3-4 nutritional determinants of food are"	"all that matter"	"?"	""	""	"text"	"false"	"true"	"false"	"false"	"false"	"false"	"true"	""	""	"pagefound"	"2022-08-18 06:14:54"	"2026-10-01 03:39:26"	""	""	"Listing collection > Article"	"Beauty > Weight loss; Health > Nutrition > Restricted diets"
"Weighty Matters: May 2007"	"http://www.weightymatters.ca/2007/05/"	"en"	""	"200"	"47"	"4.7"	"47"	"0"	"45"	"112"	"0"	"0"	"http://www.healthcheck.org/sites/default/files/editor/HealthCheck_Nutrient%20criteria_retail_2009%282%29_0.pdf"	"Looking at the"	"criteria"	"for a Health Check, I'm dismayed but not shocked to"	""	""	"text"	"false"	"true"	"false"	"false"	"false"	"false"	"true"	""	""	"pagefound"	"2022-08-15 07:13:18"	"2026-10-01 02:53:40"	""	""	"Article > Opinion"	"Beauty > Weight loss; Health > Nutrition > Restricted diets"
"Weighty Matters: March 2011"	"http://www.weightymatters.ca/2011/03/"	"en"	""	"200"	"47"	"4.7"	"47"	"1"	"68"	"190"	"0"	"0"	"http://www.healthcheck.org/content/how-can-you-possibly-compare-one-food-another"	"With that in mind, I found"	"a recent post"	"by Katie Jessop, a Heart and Stroke Foundation Health Check"	""	""	"text"	"false"	"false"	"false"	"false"	"false"	"true"	"true"	""	""	"pagefound"	"2022-06-22 08:02:29"	"2026-10-01 04:13:21"	""	""	"Listing collection > Article"	"Beauty > Weight loss; Health > Nutrition > Restricted diets"
"Weighty Matters: October 2013"	"http://www.weightymatters.ca/2013/10/"	"en"	""	"200"	"47"	"4.7"	"47"	"0"	"45"	"190"	"0"	"0"	"http://www.healthcheck.org/page/helping-you-eat-well"	"And according to"	"Health Check's About Us page"	","	""	""	"text"	"false"	"true"	"false"	"false"	"false"	"false"	"true"	""	""	"pagefound"	"2022-05-27 02:25:31"	"2026-10-01 03:57:05"	""	""	"Listing collection > Article"	"Beauty > Weight loss; Health > Nutrition > Restricted diets"
"Weighty Matters: 2007"	"http://www.weightymatters.ca/2007/"	"en"	""	"200"	"47"	"4.7"	"47"	"1"	"34"	"107"	"0"	"0"	"https://www.healthcheck.org/prodsearch?tid_2=All&tid=All&keys="	", but based on the posted Health Check fees and"	"program participants"	", Health Check seems to generate a minimum annual income"	"http://www.healthcheck.org/prodsearch?tid_2=All&tid=All&keys="	"308"	"text"	"false"	"false"	"false"	"false"	"false"	"true"	"true"	""	""	"linkrestored"	"2023-06-07 09:04:42"	"2026-10-01 04:28:12"	""	""	"Article > Opinion"	"Beauty > Weight loss; Health > Nutrition > Restricted diets"
"Weighty Matters: January 2011"	"http://www.weightymatters.ca/2011/01/"	"en"	""	"200"	"47"	"4.7"	"47"	"0"	"39"	"141"	"0"	"0"	"https://www.healthcheck.org/content/heres-a-challenge-create-a-healthy-pizza-lunch"	"flipping through my various RSS feeds and I came across"	"the latest post"	"on the Heart and Stroke Foundation's Health Check blog. It"	"http://www.healthcheck.org/content/heres-a-challenge-create-a-healthy-pizza-lunch"	"308"	"text"	"false"	"false"	"false"	"false"	"false"	"false"	"true"	""	""	"linkrestored"	"2022-05-15 09:41:33"	"2026-10-01 03:59:07"	""	""	"Article > Opinion"	"Beauty > Weight loss; Health > Nutrition > Restricted diets"
"Table of Contents"	"https://www.thecampbellscompany.com/wp-content/uploads/2022/03/Campbells_2010_CSR_Report.pdf"	"en"	""	"200"	"73"	"4.7"	"12057"	"0"	"52"	"129"	"0"	"0"	"http://www.healthcheck.org/"	"Heart and Stroke Foundation's Health"	"www.healthcheck.org/"	"Check™ program"	""	""	"text"	"false"	"true"	"false"	"false"	"false"	"false"	"true"	""	""	"pagefound"	"2026-09-26 05:49:05"	"2026-09-26 05:49:05"	""	""	"Document > Report"	"Business > Business operations > Management; Food > Food; Government"
"Weighty Matters: November 2010"	"http://www.weightymatters.ca/2010/11/"	"en"	""	"200"	"47"	"4.7"	"47"	"0"	"39"	"149"	"0"	"0"	"http://www.healthcheck.org/story/caseys-grill-launches-health-check-items"	""	"The second"	"announced that Casey's Bar and Grill was now a proud"	""	""	"text"	"false"	"false"	"false"	"false"	"false"	"false"	"true"	""	""	"pagefound"	"2022-08-08 21:11:41"	"2026-10-01 02:27:54"	""	""	"Article > Opinion"	"Beauty > Weight loss; Health > Nutrition > Restricted diets"
"Weighty Matters: July 2010"	"http://www.weightymatters.ca/2010/07/"	"en"	""	"200"	"47"	"4.7"	"47"	"0"	"68"	"244"	"0"	"0"	"http://www.healthcheck.org/sites/default/files/editor/Nutrient%20Criteria_Foodservice.March%202010.EN_.pdf"	"What does"	"Health Check have to say"	"about restaurant kids' meals?"	""	""	"text"	"false"	"false"	"false"	"false"	"false"	"false"	"true"	""	""	"pagefound"	"2022-08-01 00:11:27"	"2026-10-01 04:03:11"	""	""	"Article > Opinion"	"Beauty > Weight loss; Health > Nutrition > Restricted diets"
"Weighty Matters: February 2008"	"http://www.weightymatters.ca/2008/02/"	"en"	""	"200"	"47"	"4.7"	"47"	"0"	"42"	"101"	"0"	"0"	"https://www.healthcheck.org/faq"	"changes with Health Check, but unfortunately only with their website's"	"FAQ section"	"which seems to be growing on an almost daily basis."	"http://www.healthcheck.org/faq"	"308"	"text"	"false"	"false"	"false"	"false"	"false"	"false"	"true"	""	""	"linkrestored"	"2023-06-16 13:37:53"	"2026-10-01 03:39:58"	""	""	"Article > Opinion"	"Beauty > Weight loss; Health > Nutrition > Restricted diets"
"Weighty Matters: August 2010"	"http://www.weightymatters.ca/2010/08/"	"en"	""	"200"	"47"	"4.7"	"47"	"0"	"38"	"120"	"0"	"0"	"http://www.healthcheck.org/story/what-new-health-check"	"What amused me the most about"	"the Heart and Stroke Foundation's latest press release"	"that announced that chocolate milk (and other sweetened milks) and"	""	""	"text"	"false"	"false"	"false"	"false"	"false"	"false"	"true"	""	""	"pagefound"	"2022-08-10 02:12:26"	"2026-10-01 04:02:47"	""	""	"Listing collection > Article"	"Beauty > Weight loss; Health > Nutrition > Restricted diets"
"Weighty Matters: November 2008"	"http://www.weightymatters.ca/2008/11/"	"en"	""	"200"	"47"	"4.7"	"47"	"0"	"33"	"108"	"0"	"0"	"http://www.healthcheck.org/sites/default/files/editor/HealthCheck_Nutrient%20criteria_retail_2009%282%29_0.pdf"	"then comparing them with the newly updated Health Check's ("	"posted just over a month ago"	"and not slated to be implemented until 2010) you can"	""	""	"text"	"false"	"true"	"false"	"false"	"false"	"false"	"true"	""	""	"pagefound"	"2022-08-07 01:09:12"	"2026-10-01 02:00:37"	""	""	"Listing collection > Article"	"Beauty > Weight loss; Health > Nutrition > Restricted diets"
"Weighty Matters: 2010"	"http://www.weightymatters.ca/2010/"	"en"	""	"200"	"47"	"4.7"	"47"	"1"	"36"	"139"	"0"	"0"	"https://www.healthcheck.org/content/making-a-difference-one-pizza-a-time"	"in her blog post titled (I kid you not), """	"Making a difference one Pizza at a time"	""", Health Check dietitian Samara"	"http://www.healthcheck.org/content/making-a-difference-one-pizza-a-time"	"308"	"text"	"false"	"false"	"false"	"false"	"false"	"false"	"true"	""	""	"linkrestored"	"2022-04-02 08:23:55"	"2026-10-01 04:18:14"	""	""	"Article > Opinion"	"Beauty > Weight loss; Health > Nutrition > Restricted diets"
"Weighty Matters: October 2013"	"http://www.weightymatters.ca/2013/10/"	"en"	""	"200"	"47"	"4.7"	"47"	"0"	"45"	"190"	"0"	"0"	"https://www.healthcheck.org/page/helping-you-eat-well"	"And according to"	"Health Check's About Us page"	","	"http://www.healthcheck.org/page/helping-you-eat-well"	"301"	"text"	"false"	"true"	"false"	"false"	"false"	"false"	"true"	""	""	"linkrestored"	"2023-07-20 00:07:36"	"2026-10-01 03:57:05"	""	""	"Listing collection > Article"	"Beauty > Weight loss; Health > Nutrition > Restricted diets"
"Weighty Matters: 2013"	"http://www.weightymatters.ca/2013/"	"en"	""	"200"	"47"	"4.7"	"47"	"1"	"49"	"163"	"0"	"0"	"http://www.healthcheck.org/sites/default/files/mmallet/HC13_NutrientCriteria_foodservice_%20october%202013_English.pdf"	"What does"	"Health Check have to say"	"about restaurant kids' meals?"	""	""	"text"	"false"	"false"	"false"	"false"	"false"	"false"	"true"	""	""	"pagefound"	"2017-04-13 02:18:33"	"2026-10-01 04:56:52"	""	""	"Article > Opinion"	"Beauty > Weight loss; Health > Nutrition > Restricted diets"
"Weighty Matters: November 2010"	"http://www.weightymatters.ca/2010/11/"	"en"	""	"200"	"47"	"4.7"	"47"	"0"	"39"	"149"	"0"	"0"	"https://www.healthcheck.org/content/making-a-difference-one-pizza-a-time"	"in her blog post titled (I kid you not), """	"Making a difference one Pizza at a time"	""", Health Check dietitian Samara"	"http://www.healthcheck.org/content/making-a-difference-one-pizza-a-time"	"308"	"text"	"false"	"false"	"false"	"false"	"false"	"false"	"true"	""	""	"linkrestored"	"2022-08-08 21:11:41"	"2026-10-01 02:27:54"	""	""	"Article > Opinion"	"Beauty > Weight loss; Health > Nutrition > Restricted diets"
"Weighty Matters: 2009"	"http://www.weightymatters.ca/2009/"	"en"	""	"200"	"47"	"4.7"	"47"	"1"	"54"	"181"	"0"	"0"	"https://www.healthcheck.org/story/health-check-drives-away-salt"	"Check"	"this"	"out - here a quote from a Health Check promotion,"	"http://www.healthcheck.org/story/health-check-drives-away-salt"	"308"	"text"	"false"	"false"	"false"	"false"	"false"	"false"	"true"	""	""	"linkrestored"	"2022-02-24 09:07:58"	"2026-10-01 04:29:08"	""	""	"Article > Research"	"Beauty > Weight loss; Health > Nutrition > Restricted diets"
"Weighty Matters: November 2007"	"http://www.weightymatters.ca/2007/11/"	"en"	""	"200"	"47"	"4.7"	"47"	"0"	"28"	"81"	"0"	"0"	"https://www.healthcheck.org/prodsearch?tid_2=All&tid=All&keys="	", but based on the posted Health Check fees and"	"program participants"	", Health Check seems to generate a minimum annual income"	"http://www.healthcheck.org/prodsearch?tid_2=All&tid=All&keys="	"308"	"text"	"false"	"false"	"false"	"false"	"false"	"false"	"true"	""	""	"linkrestored"	"2023-06-07 03:50:35"	"2026-10-01 16:26:38"	""	""	"Article > Opinion"	"Beauty > Weight loss; Health > Nutrition > Restricted diets"
"Weighty Matters: January 2008"	"http://www.weightymatters.ca/2008/01/"	"en"	""	"200"	"47"	"4.7"	"47"	"1"	"44"	"130"	"0"	"0"	"http://www.healthcheck.org/en/nutritional-information/nutrient-criteria-grocery.html"	"image above you'll see a screen capture of Health Check's"	"nutrient criteria"	"page for groceries. The column where I've highlighted cookies is"	""	""	"text"	"false"	"false"	"false"	"false"	"false"	"false"	"true"	""	""	"pagefound"	"2022-08-09 03:10:49"	"2026-10-01 03:26:07"	""	""	"Listing collection > Article"	"Beauty > Weight loss; Health > Nutrition > Restricted diets"
"Weighty Matters: November 2008"	"http://www.weightymatters.ca/2008/11/"	"en"	""	"200"	"47"	"4.7"	"47"	"0"	"33"	"108"	"0"	"0"	"http://www.healthcheck.org/page/technical-advisors-3"	"that the Heart and Stroke Foundation's dietitians and Health Check's"	"Technical Advisory Committee"	"have to offer, perhaps it's time to hire some new"	""	""	"text"	"false"	"true"	"false"	"false"	"false"	"false"	"true"	""	""	"pagefound"	"2022-08-07 01:09:12"	"2026-10-01 02:00:37"	""	""	"Listing collection > Article"	"Beauty > Weight loss; Health > Nutrition > Restricted diets"
"Weighty Matters: January 2008"	"http://www.weightymatters.ca/2008/01/"	"en"	""	"200"	"47"	"4.7"	"47"	"1"	"44"	"130"	"0"	"0"	"http://www.healthcheck.org/images/pdf/HSFSobeysBooklet_P8%20Nutrition%20Information.pdf"	"website there's a sidebar linked to a PDF entitled, """	"A food label can tell you alot!"	"""."	""	""	"text"	"false"	"false"	"false"	"false"	"false"	"false"	"true"	""	""	"pagefound"	"2022-08-09 03:10:49"	"2026-10-01 03:26:07"	""	""	"Listing collection > Article"	"Beauty > Weight loss; Health > Nutrition > Restricted diets"
"Weighty Matters: June 2011"	"http://www.weightymatters.ca/2011/06/"	"en"	""	"200"	"47"	"4.7"	"47"	"0"	"58"	"179"	"0"	"0"	"http://www.healthcheck.org/sites/default/files/pfletcher/Restaurant%20NutrientCriteria_RevNov2010.pdf"	"that's of course, just the grocery store products. For restaurants,"	"none of the 12 categories"	"have maximums set at the level recommended by the Heart"	""	""	"text"	"false"	"false"	"false"	"false"	"false"	"false"	"true"	""	""	"pagefound"	"2022-08-01 16:06:46"	"2026-10-01 03:57:54"	""	""	"Article > Opinion"	"Beauty > Weight loss; Health > Nutrition > Restricted diets"
"Weighty Matters: June 2011"	"http://www.weightymatters.ca/2011/06/"	"en"	""	"200"	"47"	"4.7"	"47"	"0"	"58"	"179"	"0"	"0"	"http://www.healthcheck.org/content/what-are-canadians-saying-online-about-healthy-eating"	"Well according to"	"their blog post"	","	""	""	"text"	"false"	"false"	"false"	"false"	"false"	"false"	"true"	""	""	"pagefound"	"2022-08-01 16:06:46"	"2026-10-01 03:57:54"	""	""	"Article > Opinion"	"Beauty > Weight loss; Health > Nutrition > Restricted diets"
"Weighty Matters: August 2007"	"http://www.weightymatters.ca/2007/08/"	"en"	""	"200"	"47"	"4.7"	"47"	"0"	"30"	"81"	"0"	"0"	"https://www.healthcheck.org/page/grocery-product-licensee-fees"	"all they paid the Heart and Stroke Foundation's Health Check"	"good money"	"to apparently sell out."	"http://www.healthcheck.org/page/grocery-product-licensee-fees"	"308"	"text"	"false"	"false"	"false"	"false"	"false"	"false"	"true"	""	""	"linkrestored"	"2023-07-27 16:31:13"	"2026-10-01 02:33:48"	""	""	"Listing collection > Article"	"Beauty > Weight loss; Health > Nutrition > Restricted diets"
"Weighty Matters: January 2008"	"http://www.weightymatters.ca/2008/01/"	"en"	""	"200"	"47"	"4.7"	"47"	"1"	"44"	"130"	"0"	"0"	"https://www.healthcheck.org/images/pdf/HSFSobeysBooklet_P8%20Nutrition%20Information.pdf"	"website there's a sidebar linked to a PDF entitled, """	"A food label can tell you alot!"	"""."	"http://www.healthcheck.org/images/pdf/HSFSobeysBooklet_P8%20Nutrition%20Information.pdf"	"308"	"text"	"false"	"false"	"false"	"false"	"false"	"false"	"true"	""	""	"linkfound"	"2026-09-28 02:49:27"	"2026-10-01 03:26:07"	""	""	"Listing collection > Article"	"Beauty > Weight loss; Health > Nutrition > Restricted diets"
"Weighty Matters: November 2007"	"http://www.weightymatters.ca/2007/11/"	"en"	""	"200"	"47"	"4.7"	"47"	"0"	"28"	"81"	"0"	"0"	"http://www.healthcheck.org/prodsearch?tid_2=All&tid=All&keys="	", but based on the posted Health Check fees and"	"program participants"	", Health Check seems to generate a minimum annual income"	""	""	"text"	"false"	"false"	"false"	"false"	"false"	"false"	"true"	""	""	"pagefound"	"2022-06-13 08:05:22"	"2026-10-01 16:26:38"	""	""	"Article > Opinion"	"Beauty > Weight loss; Health > Nutrition > Restricted diets"
"Weighty Matters: November 2008"	"http://www.weightymatters.ca/2008/11/"	"en"	""	"200"	"47"	"4.7"	"47"	"0"	"33"	"108"	"0"	"0"	"https://www.healthcheck.org/page/technical-advisors-3"	"that the Heart and Stroke Foundation's dietitians and Health Check's"	"Technical Advisory Committee"	"have to offer, perhaps it's time to hire some new"	"http://www.healthcheck.org/page/technical-advisors-3"	"308"	"text"	"false"	"true"	"false"	"false"	"false"	"false"	"true"	""	""	"linkrestored"	"2023-06-01 11:59:27"	"2026-10-01 02:00:37"	""	""	"Listing collection > Article"	"Beauty > Weight loss; Health > Nutrition > Restricted diets"
"Weighty Matters: 2007"	"http://www.weightymatters.ca/2007/"	"en"	""	"200"	"47"	"4.7"	"47"	"1"	"34"	"107"	"0"	"0"	"https://www.healthcheck.org/page/grocery-product-licensee-fees"	"spreadsheet here , but based on the posted Health Check"	"fees"	"and program participants , Health Check seems to generate a"	"http://www.healthcheck.org/page/grocery-product-licensee-fees"	"308"	"text"	"false"	"false"	"false"	"false"	"false"	"true"	"true"	""	""	"linkrestored"	"2023-11-02 00:22:22"	"2026-10-01 04:28:12"	""	""	"Article > Opinion"	"Beauty > Weight loss; Health > Nutrition > Restricted diets"
"Weighty Matters: 2012"	"http://www.weightymatters.ca/2012/"	"en"	""	"200"	"47"	"4.7"	"47"	"0"	"59"	"225"	"0"	"0"	"http://www.healthcheck.org/story/december-15-2004-food-industry-offers-consumers-solution-fight-against-obesity-health-check-pr"	"Health Check program. Here are some facts and figures from"	"a 2004 Heart and Stroke Foundation press release on the Health Check program"	","	""	""	"text"	"false"	"true"	"false"	"false"	"false"	"false"	"true"	""	""	"pagefound"	"2022-09-10 10:22:51"	"2026-10-01 03:34:06"	""	""	"Article > Opinion"	"Beauty > Weight loss; Health > Nutrition > Restricted diets"
"Weighty Matters: October 2013"	"http://www.weightymatters.ca/2013/10/"	"en"	""	"200"	"47"	"4.7"	"47"	"0"	"45"	"190"	"0"	"0"	"http://www.healthcheck.org/story/december-15-2004-food-industry-offers-consumers-solution-fight-against-obesity-health-check-pr"	"It's no surprise that Health Check is trusted. In fact"	"the Heart and Stroke Foundation's own research"	"has shown that consumers interpret their Health Check marks to"	""	""	"text"	"false"	"true"	"false"	"false"	"false"	"false"	"true"	""	""	"pagefound"	"2022-05-27 02:25:31"	"2026-10-01 03:57:05"	""	""	"Listing collection > Article"	"Beauty > Weight loss; Health > Nutrition > Restricted diets"
"Hometown Pork - Fresh, Local Wholesome Pork - Canada"	"https://www.hometownpork.ca/home"	"en"	""	"200"	"0"	"4.7"	"0"	"0"	"4"	"4"	"0"	"0"	"http://www.healthcheck.org/"	""	""	""	""	""	"image"	"false"	"false"	"false"	"false"	"false"	"false"	"true"	""	""	"pagefound"	"2023-10-02 21:08:22"	"2026-09-26 19:08:25"	""	""	"Site page > Home"	"Food > Food > Seafood; Business > Forestry > Ranches"
"Weighty Matters: November 2013"	"http://www.weightymatters.ca/2013/11/"	"en"	""	"200"	"47"	"4.7"	"47"	"1"	"45"	"161"	"0"	"0"	"https://www.healthcheck.org/story/health-check-media"	"program has been something of a train wreck and includes"	"this press release"	"put out by Health Check's program manager Terry Dean."	"http://www.healthcheck.org/story/health-check-media"	"308"	"text"	"false"	"false"	"false"	"false"	"false"	"true"	"true"	""	""	"linkrestored"	"2024-01-04 13:30:45"	"2026-10-01 04:06:51"	""	""	"Article > Opinion"	"Beauty > Weight loss; Health > Nutrition > Restricted diets"
"Weighty Matters: March 2011"	"http://www.weightymatters.ca/2011/03/"	"en"	""	"200"	"47"	"4.7"	"47"	"1"	"68"	"190"	"0"	"0"	"https://www.healthcheck.org/content/how-can-you-possibly-compare-one-food-another"	"With that in mind, I found"	"a recent post"	"by Katie Jessop, a Heart and Stroke Foundation Health Check"	"http://www.healthcheck.org/content/how-can-you-possibly-compare-one-food-another"	"308"	"text"	"false"	"false"	"false"	"false"	"false"	"true"	"true"	""	""	"linkrestored"	"2022-06-22 08:02:29"	"2026-10-01 04:13:21"	""	""	"Listing collection > Article"	"Beauty > Weight loss; Health > Nutrition > Restricted diets"
"Weighty Matters: August 2007"	"http://www.weightymatters.ca/2007/08/"	"en"	""	"200"	"47"	"4.7"	"47"	"0"	"30"	"81"	"0"	"0"	"http://www.healthcheck.org/page/grocery-product-licensee-fees"	"all they paid the Heart and Stroke Foundation's Health Check"	"good money"	"to apparently sell out."	""	""	"text"	"false"	"false"	"false"	"false"	"false"	"false"	"true"	""	""	"pagefound"	"2022-05-05 22:37:47"	"2026-10-01 02:33:48"	""	""	"Listing collection > Article"	"Beauty > Weight loss; Health > Nutrition > Restricted diets"
"Weighty Matters: December 2009"	"http://www.weightymatters.ca/2009/12/"	"en"	""	"200"	"47"	"4.7"	"47"	"0"	"38"	"113"	"0"	"0"	"http://www.healthcheck.org/story/health-check-drives-away-salt"	"Check"	"this"	"out - here a quote from a Health Check promotion,"	""	""	"text"	"false"	"false"	"false"	"false"	"false"	"false"	"true"	""	""	"pagefound"	"2022-02-24 04:08:19"	"2026-10-01 03:29:50"	""	""	"Article > Opinion"	"Beauty > Weight loss; Health > Nutrition > Restricted diets"
"Weighty Matters: November 2007"	"http://www.weightymatters.ca/2007/11/"	"en"	""	"200"	"47"	"4.7"	"47"	"0"	"28"	"81"	"0"	"0"	"http://www.healthcheck.org/page/grocery-product-licensee-fees"	"spreadsheet here , but based on the posted Health Check"	"fees"	"and program participants , Health Check seems to generate a"	""	""	"text"	"false"	"false"	"false"	"false"	"false"	"false"	"true"	""	""	"pagefound"	"2022-06-13 08:05:22"	"2026-10-01 16:26:38"	""	""	"Article > Opinion"	"Beauty > Weight loss; Health > Nutrition > Restricted diets"
"Weighty Matters: May 2007"	"http://www.weightymatters.ca/2007/05/"	"en"	""	"200"	"47"	"4.7"	"47"	"0"	"45"	"112"	"0"	"0"	"http://www.healthcheck.org/page/grocery-product-licensee-fees"	"costs to buy the rites to a Health Check endoresement"	"click here"	", but to give you a flavour, here are the"	""	""	"text"	"false"	"true"	"false"	"false"	"false"	"false"	"true"	""	""	"pagefound"	"2022-08-15 07:13:18"	"2026-10-01 02:53:40"	""	""	"Article > Opinion"	"Beauty > Weight loss; Health > Nutrition > Restricted diets"
"Weighty Matters: January 2011"	"http://www.weightymatters.ca/2011/01/"	"en"	""	"200"	"47"	"4.7"	"47"	"0"	"39"	"141"	"0"	"0"	"http://www.healthcheck.org/content/heres-a-challenge-create-a-healthy-pizza-lunch"	"flipping through my various RSS feeds and I came across"	"the latest post"	"on the Heart and Stroke Foundation's Health Check blog. It"	""	""	"text"	"false"	"false"	"false"	"false"	"false"	"false"	"true"	""	""	"pagefound"	"2022-05-15 09:41:33"	"2026-10-01 03:59:07"	""	""	"Article > Opinion"	"Beauty > Weight loss; Health > Nutrition > Restricted diets"
"Hometown Pork - Fresh, Local Wholesome Pork - Canada"	"http://www.hometownpork.ca/home"	"en"	""	"200"	"0"	"4.7"	"0"	"0"	"4"	"4"	"0"	"0"	"http://www.healthcheck.org/"	""	""	""	""	""	"image"	"false"	"false"	"false"	"false"	"false"	"false"	"true"	""	""	"pagefound"	"2013-08-08 19:17:14"	"2026-09-29 01:41:10"	""	""	"Site page > Home"	"Food > Food > Seafood; Business > Forestry > Ranches"
"Weighty Matters: November 2013"	"http://www.weightymatters.ca/2013/11/"	"en"	""	"200"	"47"	"4.7"	"47"	"1"	"45"	"161"	"0"	"0"	"https://www.healthcheck.org/page/health-check-team"	"So what exactly do"	"the Heart and Stroke Foundation's Health Check Registered Dietitians"	"do for the Foundation if Health Check needs to ask"	"http://www.healthcheck.org/page/health-check-team"	"308"	"text"	"false"	"false"	"false"	"false"	"false"	"true"	"true"	""	""	"linkfound"	"2026-05-05 15:33:11"	"2026-10-01 04:06:51"	""	""	"Article > Opinion"	"Beauty > Weight loss; Health > Nutrition > Restricted diets"
"Weighty Matters: May 2007"	"http://www.weightymatters.ca/2007/05/"	"en"	""	"200"	"47"	"4.7"	"47"	"0"	"45"	"112"	"0"	"0"	"http://www.healthcheck.org/en/join-health-check/nutrient-criteria-grocery.html"	"Looking at the Health Check's"	"criteria"	"for snack food, it turns out that there are only"	""	""	"text"	"false"	"true"	"false"	"false"	"false"	"false"	"true"	""	""	"pagefound"	"2022-08-15 07:13:18"	"2026-10-01 02:53:40"	""	""	"Article > Opinion"	"Beauty > Weight loss; Health > Nutrition > Restricted diets"
"Weighty Matters: August 2010"	"http://www.weightymatters.ca/2010/08/"	"en"	""	"200"	"47"	"4.7"	"47"	"0"	"38"	"120"	"0"	"0"	"https://www.healthcheck.org/story/what-new-health-check"	"What amused me the most about"	"the Heart and Stroke Foundation's latest press release"	"that announced that chocolate milk (and other sweetened milks) and"	"http://www.healthcheck.org/story/what-new-health-check"	"301"	"text"	"false"	"false"	"false"	"false"	"false"	"false"	"true"	""	""	"linkrestored"	"2022-08-10 02:12:26"	"2026-10-01 04:02:47"	""	""	"Listing collection > Article"	"Beauty > Weight loss; Health > Nutrition > Restricted diets"
"Weighty Matters: 2008"	"http://www.weightymatters.ca/2008/"	"en"	""	"200"	"47"	"4.7"	"47"	"1"	"58"	"207"	"0"	"0"	"http://www.healthcheck.org/page/technical-advisors-3"	"that the Heart and Stroke Foundation's dietitians and Health Check's"	"Technical Advisory Committee"	"have to offer, perhaps it's time to hire some new"	""	""	"text"	"false"	"true"	"false"	"false"	"false"	"true"	"true"	""	""	"pagefound"	"2021-07-31 23:03:23"	"2026-10-01 04:27:16"	""	""	"Article > Opinion"	"Beauty > Weight loss; Health > Nutrition > Restricted diets"
"Weighty Matters: January 2008"	"http://www.weightymatters.ca/2008/01/"	"en"	""	"200"	"47"	"4.7"	"47"	"1"	"44"	"130"	"0"	"0"	"https://www.healthcheck.org/en/nutritional-information/nutrient-criteria-grocery.html"	"image above you'll see a screen capture of Health Check's"	"nutrient criteria"	"page for groceries. The column where I've highlighted cookies is"	"http://www.healthcheck.org/en/nutritional-information/nutrient-criteria-grocery.html"	"308"	"text"	"false"	"false"	"false"	"false"	"false"	"false"	"true"	""	""	"linkrestored"	"2023-08-09 21:48:16"	"2026-10-01 03:26:07"	""	""	"Listing collection > Article"	"Beauty > Weight loss; Health > Nutrition > Restricted diets"
"Table of Contents"	"https://www.thecampbellscompany.com/wp-content/uploads/2022/03/Campbells_2011_CSR_Report.pdf"	"en"	""	"200"	"73"	"4.7"	"12057"	"1"	"60"	"84"	"0"	"0"	"https://www.healthcheck.org/"	"Heart and Stroke Foundation's Health"	"www.healthcheck.org/"	"Check™ program"	""	""	"text"	"false"	"true"	"false"	"false"	"false"	"false"	"true"	""	""	"pagefound"	"2026-09-21 22:54:06"	"2026-09-21 22:54:06"	""	""	"Document > Report"	"Business > Business operations > Human; Food > Food; Society > Advocacy; Health > Public health; Government > Government"
"Weighty Matters: June 2011"	"http://www.weightymatters.ca/2011/06/"	"en"	""	"200"	"47"	"4.7"	"47"	"0"	"58"	"179"	"0"	"0"	"https://www.healthcheck.org/content/what-are-canadians-saying-online-about-healthy-eating"	"Well according to"	"their blog post"	","	"http://www.healthcheck.org/content/what-are-canadians-saying-online-about-healthy-eating"	"301"	"text"	"false"	"false"	"false"	"false"	"false"	"false"	"true"	""	""	"linkrestored"	"2022-08-01 16:06:46"	"2026-10-01 03:57:54"	""	""	"Article > Opinion"	"Beauty > Weight loss; Health > Nutrition > Restricted diets"
"Weighty Matters: February 2008"	"http://www.weightymatters.ca/2008/02/"	"en"	""	"200"	"47"	"4.7"	"47"	"0"	"42"	"101"	"0"	"0"	"http://www.healthcheck.org/faq"	"changes with Health Check, but unfortunately only with their website's"	"FAQ section"	"which seems to be growing on an almost daily basis."	""	""	"text"	"false"	"false"	"false"	"false"	"false"	"false"	"true"	""	""	"pagefound"	"2022-02-12 05:00:00"	"2026-10-01 03:39:58"	""	""	"Article > Opinion"	"Beauty > Weight loss; Health > Nutrition > Restricted diets"
"Weighty Matters: 2008"	"http://www.weightymatters.ca/2008/"	"en"	""	"200"	"47"	"4.7"	"47"	"1"	"58"	"207"	"0"	"0"	"https://www.healthcheck.org/page/technical-advisors-3"	"that the Heart and Stroke Foundation's dietitians and Health Check's"	"Technical Advisory Committee"	"have to offer, perhaps it's time to hire some new"	"http://www.healthcheck.org/page/technical-advisors-3"	"308"	"text"	"false"	"true"	"false"	"false"	"false"	"true"	"true"	""	""	"linkrestored"	"2021-07-31 23:03:23"	"2026-10-01 04:27:16"	""	""	"Article > Opinion"	"Beauty > Weight loss; Health > Nutrition > Restricted diets"
"Weighty Matters: June 2011"	"http://www.weightymatters.ca/2011/06/"	"en"	""	"200"	"47"	"4.7"	"47"	"0"	"58"	"179"	"0"	"0"	"http://www.healthcheck.org/sites/default/files/pfletcher/Grocery%20Nutrient%20Criteria%20pdf_Jan11.pdf"	"Looking at the"	"56 food categories"	"where Health Check specifies sodium limits, only 9 are less"	""	""	"text"	"false"	"false"	"false"	"false"	"false"	"false"	"true"	""	""	"pagefound"	"2022-08-01 16:06:46"	"2026-10-01 03:57:54"	""	""	"Article > Opinion"	"Beauty > Weight loss; Health > Nutrition > Restricted diets"
"Weighty Matters: November 2010"	"http://www.weightymatters.ca/2010/11/"	"en"	""	"200"	"47"	"4.7"	"47"	"0"	"39"	"149"	"0"	"0"	"http://www.healthcheck.org/content/making-a-difference-one-pizza-a-time"	"in her blog post titled (I kid you not), """	"Making a difference one Pizza at a time"	""", Health Check dietitian Samara"	""	""	"text"	"false"	"false"	"false"	"false"	"false"	"false"	"true"	""	""	"pagefound"	"2022-08-08 21:11:41"	"2026-10-01 02:27:54"	""	""	"Article > Opinion"	"Beauty > Weight loss; Health > Nutrition > Restricted diets"
"Weighty Matters: June 2014"	"http://www.weightymatters.ca/2014/06/"	"en"	""	"200"	"47"	"4.7"	"47"	"0"	"43"	"165"	"0"	"0"	"http://www.healthcheck.org/story/health-check-exit"	""	"Here is their formal announcement."	""	""	""	"text"	"false"	"false"	"false"	"false"	"false"	"false"	"true"	""	""	"pagefound"	"2022-07-21 00:06:49"	"2026-10-01 04:08:04"	""	""	"Article > Opinion"	"Beauty > Weight loss; Health > Nutrition > Restricted diets"
"Weighty Matters: 2007"	"http://www.weightymatters.ca/2007/"	"en"	""	"200"	"47"	"4.7"	"47"	"1"	"34"	"107"	"0"	"0"	"http://www.healthcheck.org/prodsearch?tid_2=All&tid=All&keys="	", but based on the posted Health Check fees and"	"program participants"	", Health Check seems to generate a minimum annual income"	""	""	"text"	"false"	"false"	"false"	"false"	"false"	"true"	"true"	""	""	"pagefound"	"2022-03-24 03:21:32"	"2026-10-01 04:28:12"	""	""	"Article > Opinion"	"Beauty > Weight loss; Health > Nutrition > Restricted diets"
"Weighty Matters: December 2013"	"http://www.weightymatters.ca/2013/12/"	"en"	""	"200"	"47"	"4.7"	"47"	"1"	"35"	"110"	"0"	"0"	"http://www.healthcheck.org/sites/default/files/mmallet/HC13_NutrientCriteria_foodservice_%20october%202013_English.pdf"	"What does"	"Health Check have to say"	"about restaurant kids' meals?"	""	""	"text"	"false"	"false"	"false"	"false"	"false"	"true"	"true"	""	""	"pagefound"	"2022-06-08 07:55:31"	"2026-10-01 03:35:10"	""	""	"Article > Opinion"	"Beauty > Weight loss; Health > Nutrition > Restricted diets"
"Weighty Matters: November 2007"	"http://www.weightymatters.ca/2007/11/"	"en"	""	"200"	"47"	"4.7"	"47"	"0"	"28"	"81"	"0"	"0"	"https://www.healthcheck.org/page/grocery-product-licensee-fees"	"spreadsheet here , but based on the posted Health Check"	"fees"	"and program participants , Health Check seems to generate a"	"http://www.healthcheck.org/page/grocery-product-licensee-fees"	"308"	"text"	"false"	"false"	"false"	"false"	"false"	"false"	"true"	""	""	"linkrestored"	"2023-07-27 18:29:39"	"2026-10-01 16:26:38"	""	""	"Article > Opinion"	"Beauty > Weight loss; Health > Nutrition > Restricted diets"
"Weighty Matters: March 2011"	"http://www.weightymatters.ca/2011/03/"	"en"	""	"200"	"47"	"4.7"	"47"	"1"	"68"	"190"	"0"	"0"	"http://www.healthcheck.org/sites/default/files/pfletcher/Grocery%20Nutrient%20Criteria%20pdf_Jan11.pdf"	"Health Check generally only evaluates"	"3-4 different nutritional criteria"	", and it does so on a black and white"	""	""	"text"	"false"	"false"	"false"	"false"	"false"	"true"	"true"	""	""	"pagefound"	"2022-06-22 08:02:29"	"2026-10-01 04:13:21"	""	""	"Listing collection > Article"	"Beauty > Weight loss; Health > Nutrition > Restricted diets"
"Weighty Matters: May 2007"	"http://www.weightymatters.ca/2007/05/"	"en"	""	"200"	"47"	"4.7"	"47"	"0"	"45"	"112"	"0"	"0"	"http://www.healthcheck.org/sites/default/files/admin/HealthCheck_Nutrient%20criteria_foodservice_2009.pdf"	"you go to the Heart and Stroke Foundation's Health Check's"	"restaurant criteria page"	"you find that it's acceptable to them for ""Large Entrees"""	""	""	"text"	"false"	"true"	"false"	"false"	"false"	"false"	"true"	""	""	"pagefound"	"2022-08-15 07:13:18"	"2026-10-01 02:53:40"	""	""	"Article > Opinion"	"Beauty > Weight loss; Health > Nutrition > Restricted diets"
"Weighty Matters: November 2010"	"http://www.weightymatters.ca/2010/11/"	"en"	""	"200"	"47"	"4.7"	"47"	"0"	"39"	"149"	"0"	"0"	"https://www.healthcheck.org/story/caseys-grill-launches-health-check-items"	""	"The second"	"announced that Casey's Bar and Grill was now a proud"	"http://www.healthcheck.org/story/caseys-grill-launches-health-check-items"	"301"	"text"	"false"	"false"	"false"	"false"	"false"	"false"	"true"	""	""	"linkrestored"	"2022-08-08 21:11:41"	"2026-10-01 02:27:54"	""	""	"Article > Opinion"	"Beauty > Weight loss; Health > Nutrition > Restricted diets"
"Weighty Matters: May 2007"	"http://www.weightymatters.ca/2007/05/"	"en"	""	"200"	"47"	"4.7"	"47"	"0"	"45"	"112"	"0"	"0"	"https://www.healthcheck.org/en/join-health-check/nutrient-criteria-grocery.html"	"Looking at the Health Check's"	"criteria"	"for snack food, it turns out that there are only"	"http://www.healthcheck.org/en/join-health-check/nutrient-criteria-grocery.html"	"308"	"text"	"false"	"true"	"false"	"false"	"false"	"false"	"true"	""	""	"linkrestored"	"2022-08-15 07:13:18"	"2026-10-01 02:53:40"	""	""	"Article > Opinion"	"Beauty > Weight loss; Health > Nutrition > Restricted diets"
"Weighty Matters: November 2013"	"http://www.weightymatters.ca/2013/11/"	"en"	""	"200"	"47"	"4.7"	"47"	"1"	"45"	"161"	"0"	"0"	"http://www.healthcheck.org/story/health-check-media"	"program has been something of a train wreck and includes"	"this press release"	"put out by Health Check's program manager Terry Dean."	""	""	"text"	"false"	"false"	"false"	"false"	"false"	"true"	"true"	""	""	"pagefound"	"2022-09-12 12:24:38"	"2026-10-01 04:06:51"	""	""	"Article > Opinion"	"Beauty > Weight loss; Health > Nutrition > Restricted diets"
"Weighty Matters: November 2013"	"http://www.weightymatters.ca/2013/11/"	"en"	""	"200"	"47"	"4.7"	"47"	"1"	"45"	"161"	"0"	"0"	"http://www.healthcheck.org/page/health-check-team"	"So what exactly do"	"the Heart and Stroke Foundation's Health Check Registered Dietitians"	"do for the Foundation if Health Check needs to ask"	""	""	"text"	"false"	"false"	"false"	"false"	"false"	"true"	"true"	""	""	"pagefound"	"2022-09-12 12:24:38"	"2026-10-01 04:06:51"	""	""	"Article > Opinion"	"Beauty > Weight loss; Health > Nutrition > Restricted diets"
"Weighty Matters: February 2011"	"http://www.weightymatters.ca/2011/02/"	"en"	""	"200"	"47"	"4.7"	"47"	"0"	"47"	"136"	"0"	"0"	"http://www.healthcheck.org/sites/default/files/editor/HealthCheck_NutrientCriteria_Retail_October09.pdf"	"labeling program that thinks 3-4 nutritional determinants of food are"	"all that matter"	"."	""	""	"text"	"false"	"false"	"false"	"false"	"false"	"false"	"true"	""	""	"pagefound"	"2022-06-07 03:54:25"	"2026-10-01 03:28:14"	""	""	"Article > Opinion"	"Beauty > Weight loss; Health > Nutrition > Restricted diets"
"Weighty Matters: February 2010"	"http://www.weightymatters.ca/2010/02/"	"en"	""	"200"	"47"	"4.7"	"47"	"0"	"44"	"172"	"0"	"0"	"http://www.healthcheck.org/sites/default/files/admin/HealthCheck_Nutrient%20criteria_foodservice_2009.pdf"	"fast casual restaurants like Boston Pizza to entrees that have"	"up to 960mg"	"of sodium (and that's the new"	""	""	"text"	"false"	"false"	"false"	"false"	"false"	"false"	"true"	""	""	"pagefound"	"2021-09-20 13:03:32"	"2026-10-01 01:57:39"	""	""	"Article > Opinion"	"Beauty > Weight loss; Health > Nutrition > Restricted diets"
"Weighty Matters: 2009"	"http://www.weightymatters.ca/2009/"	"en"	""	"200"	"47"	"4.7"	"47"	"1"	"54"	"181"	"0"	"0"	"http://www.healthcheck.org/story/health-check-drives-away-salt"	"Check"	"this"	"out - here a quote from a Health Check promotion,"	""	""	"text"	"false"	"false"	"false"	"false"	"false"	"false"	"true"	""	""	"pagefound"	"2022-02-24 09:07:58"	"2026-10-01 04:29:08"	""	""	"Article > Research"	"Beauty > Weight loss; Health > Nutrition > Restricted diets"
"Weighty Matters: September 2011"	"http://www.weightymatters.ca/2011/09/"	"en"	""	"200"	"47"	"4.7"	"47"	"0"	"61"	"173"	"0"	"0"	"https://www.healthcheck.org/content/one-nutrition-program-we-can-trust"	""	"One nutrition program we can trust"	""	"http://www.healthcheck.org/content/one-nutrition-program-we-can-trust"	"308"	"text"	"false"	"true"	"false"	"false"	"false"	"false"	"true"	""	""	"linkrestored"	"2022-05-04 22:27:10"	"2026-10-01 04:20:40"	""	""	"Listing collection > Article"	"Beauty > Weight loss; Health > Nutrition > Restricted diets"
"Weighty Matters: February 2010"	"http://www.weightymatters.ca/2010/02/"	"en"	""	"200"	"47"	"4.7"	"47"	"0"	"44"	"172"	"0"	"0"	"http://www.healthcheck.org/story/british-columbia-pizza-huts-get-a-health-check-pizza-hut"	"Here's the quote from the"	"press release"	","	""	""	"text"	"false"	"false"	"false"	"false"	"false"	"false"	"true"	""	""	"pagefound"	"2021-09-20 13:03:32"	"2026-10-01 01:57:39"	""	""	"Article > Opinion"	"Beauty > Weight loss; Health > Nutrition > Restricted diets"
"Weighty Matters: January 2008"	"http://www.weightymatters.ca/2008/01/"	"en"	""	"200"	"47"	"4.7"	"47"	"1"	"44"	"130"	"0"	"0"	"https://www.healthcheck.org/"	"image above you'll see a screen capture of Health Check's"	"nutrient criteria"	"page for groceries. The column where I've highlighted cookies is"	"http://www.healthcheck.org/en/nutritional-information/nutrient-criteria-grocery.html, https://www.healthcheck.org/en/nutritional-information/nutrient-criteria-grocery.html"	"308, 301"	"text"	"false"	"false"	"false"	"false"	"false"	"false"	"true"	""	""	"linkrestored"	"2024-01-01 09:33:52"	"2026-10-01 03:26:07"	""	""	"Listing collection > Article"	"Beauty > Weight loss; Health > Nutrition > Restricted diets"
"Weighty Matters: November 2012"	"http://www.weightymatters.ca/2012/11/"	"en"	""	"200"	"47"	"4.7"	"47"	"0"	"37"	"137"	"0"	"0"	"http://www.healthcheck.org/story/december-15-2004-food-industry-offers-consumers-solution-fight-against-obesity-health-check-pr"	"Health Check program. Here are some facts and figures from"	"a 2004 Heart and Stroke Foundation press release on the Health Check program"	","	""	""	"text"	"false"	"false"	"false"	"false"	"false"	"false"	"true"	""	""	"linkrestored"	"2017-04-12 02:18:24"	"2026-10-01 02:47:39"	""	""	"Article > Opinion"	"Beauty > Weight loss; Health > Nutrition > Restricted diets"
"Weighty Matters: 2010"	"http://www.weightymatters.ca/2010/"	"en"	""	"200"	"47"	"4.7"	"47"	"1"	"36"	"139"	"0"	"0"	"http://www.healthcheck.org/content/making-a-difference-one-pizza-a-time"	"in her blog post titled (I kid you not), """	"Making a difference one Pizza at a time"	""", Health Check dietitian Samara"	""	""	"text"	"false"	"false"	"false"	"false"	"false"	"false"	"true"	""	""	"pagefound"	"2022-04-02 08:23:55"	"2026-10-01 04:18:14"	""	""	"Article > Opinion"	"Beauty > Weight loss; Health > Nutrition > Restricted diets"
"Weighty Matters: September 2011"	"http://www.weightymatters.ca/2011/09/"	"en"	""	"200"	"47"	"4.7"	"47"	"0"	"61"	"173"	"0"	"0"	"http://www.healthcheck.org/content/one-nutrition-program-we-can-trust"	""	"One nutrition program we can trust"	""	""	""	"text"	"false"	"true"	"false"	"false"	"false"	"false"	"true"	""	""	"pagefound"	"2022-05-04 22:27:10"	"2026-10-01 04:20:40"	""	""	"Listing collection > Article"	"Beauty > Weight loss; Health > Nutrition > Restricted diets"
"How to Cook Hot Oat Bran Cereal"	"https://www.weekand.com/healthy-living/article/cook-hot-oat-bran-cereal-18007182.php"	"en"	""	"200"	"82"	"4.6"	"89800"	"0"	"13"	"15"	"0"	"0"	"https://www.healthcheck.org/page/types-fibre/"	""	"Heart and Stroke Foundation: Types of Fibre"	""	"http://www.healthcheck.org/page/types-fibre/"	"301"	"text"	"false"	"false"	"true"	"false"	"false"	"true"	"true"	""	""	"linkrestored"	"2024-03-06 21:47:38"	"2026-09-20 22:44:50"	""	""	"Article > How-to"	"Food > Recipes > Healthy eating; Health > Nutrition > Restricted diets"
"How to Cook Hot Oat Bran Cereal"	"https://www.weekand.com/healthy-living/article/cook-hot-oat-bran-cereal-18007182.php"	"en"	""	"200"	"82"	"4.6"	"89800"	"0"	"13"	"15"	"0"	"0"	"http://www.healthcheck.org/page/types-fibre/"	""	"Heart and Stroke Foundation: Types of Fibre"	""	""	""	"text"	"false"	"false"	"true"	"false"	"false"	"true"	"true"	""	""	"pagefound"	"2024-03-06 21:47:38"	"2026-09-20 22:44:50"	""	""	"Article > How-to"	"Food > Recipes > Healthy eating; Health > Nutrition > Restricted diets"
"Pedal For Your Heart"	"https://bcnissandealer.com/pedal-for-your-heart/"	"en"	"wordpress"	"200"	"1.2"	"4.6"	"71"	"0"	"8"	"13"	"0"	"0"	"http://www.healthcheck.org/tips_tools"	"your heart healthy by visiting the Heart and Stroke Foundation’s"	"website"	"and learn tips and tools for eating well."	""	""	"text"	"false"	"true"	"false"	"false"	"false"	"false"	"true"	""	""	"linkrestored"	"2022-08-27 17:51:13"	"2026-09-14 00:54:51"	""	""	"Article > News"	"Health > Health conditions > Hypertension; Sports > Individual sports > Cycling; Society > Advocacy > Philanthropy; Autos > Bicycles"
"Radio-Canada.ca/L'épicerie"	"https://ici.radio-canada.ca/actualite/lepicerie/docarchives/2003/02/21/enquete.html"	""	""	"200"	"88"	"4.6"	"3945571"	"0"	"5"	"6"	"0"	"0"	"http://www.healthcheck.org/french/ff_home.html"	""	"Visez santé"	""	""	""	"text"	"false"	"false"	"false"	"false"	"false"	"false"	"true"	""	""	"pagefound"	"2021-03-12 11:59:57"	"2026-09-01 03:24:27"	""	""	""	""
"Unified Lifestyle"	"http://www.unifiedlifestyle.com/blog/"	"en"	"wordpress"	"200"	"3.1"	"4.6"	"16"	"1"	"25"	"47"	"0"	"0"	"http://www.healthcheck.org/story/health-check-exit"	"See News Release:"	"http://www.healthcheck.org/story/health-check-exit"	""	""	""	"text"	"false"	"true"	"false"	"false"	"false"	"true"	"true"	""	""	"pagefound"	"2024-02-29 00:10:52"	"2026-09-25 18:39:18"	""	""	"Site page > Blog"	"Food > Restaurants > Fast food; Health > Nutrition > Restricted diets"
"Radio-Canada.ca/L'épicerie"	"https://ici.radio-canada.ca/actualite/lepicerie/docArchives/2003/02/21/enquete.html"	"fr"	""	"200"	"88"	"4.5"	"3945571"	"1"	"5"	"5"	"0"	"0"	"http://www.healthcheck.org/french/ff_home.html"	""	"Visez santé"	""	""	""	"text"	"false"	"false"	"false"	"false"	"false"	"true"	"true"	""	""	"pagefound"	"2018-11-13 02:33:06"	"2026-09-10 13:42:13"	""	""	"Article > News"	"Health > Nutrition > Supplements; Food > Food"
"ProvCurriculum2008_131128.indd"	"https://opentextbc.ca/hcacurriculum/wp-content/uploads/sites/433/2023/06/2008-HCA-Program-Provincial-Curriculum.pdf"	"en"	""	"200"	"77"	"4.5"	"103428"	"0"	"43"	"96"	"0"	"0"	"http://www.healthcheck.org/"	""	"http://www.healthcheck.org"	""	""	""	"text"	"false"	"true"	"false"	"false"	"false"	"false"	"true"	""	""	"pagefound"	"2026-09-25 08:04:59"	"2026-09-25 08:04:59"	""	""	"Document > Manual"	"Health > Public health > Health policy; Jobs and education > Education > Certification"
"The Heart and Stroke Foundation owes Canadian parents an apology - Healthy Debate"	"https://healthydebate.ca/2013/12/about-healthy-debate/opinions-about-healthy-debate/the-heart-and-stroke-foundation-owes-canadian-parents-an-apology/"	"en"	"wordpress"	"200"	"70"	"4.5"	"3069"	"0"	"13"	"25"	"0"	"0"	"http://www.healthcheck.org/story/december-15-2004-food-industry-offers-consumers-solution-fight-against-obesity-health-check-pr"	"It’s no surprise that Health Check is trusted. In fact"	"the Heart and Stroke Foundation’s own research"	"has shown that consumers interpret their Health Check marks to"	""	""	"text"	"false"	"true"	"false"	"false"	"false"	"false"	"true"	""	""	"linkrestored"	"2024-09-26 07:13:01"	"2026-09-24 09:54:05"	""	"Seema Marwaha"	"Article > Opinion"	"Health > Nutrition > Supplements; Food > Food > Natural foods; Society > Relationships > Family > Parenting > Toddlers > Playroom; Business"
"Important Links - Gluxus Health - COMFORTAID"	"https://www.gluxus.com/newsite/diabetes-resources/about-diabetes/links/"	"en"	"wordpress"	"200"	"6"	"4.5"	"0"	"0"	"35"	"73"	"0"	"0"	"http://www.healthcheck.org/"	""	"Health Check™"	""	""	""	"text"	"false"	"true"	"false"	"false"	"false"	"false"	"true"	""	""	"linkrestored"	"2025-03-27 23:20:52"	"2026-04-25 07:59:54"	""	""	""	""
"5 tips for packing healthy, kid-friendly back to school lunches | Globalnews.ca"	"https://globalnews.ca/news/816462/5-tips-for-packing-healthy-kid-friendly-back-to-school-lunches/"	"en"	"wordpress"	"200"	"89"	"4.5"	"2601134"	"0"	"12"	"22"	"0"	"0"	"http://www.healthcheck.org/"	"Soups can also easily cover the food groups. The"	"Heart and Stroke Foundation"	", along with many other websites, offers recipes tailored for"	""	""	"text"	"false"	"true"	"false"	"false"	"false"	"false"	"true"	""	""	"pagefound"	"2020-08-04 07:20:59"	"2026-09-22 06:53:28"	""	"Carmen Chai"	"Article > Listicle"	"Society > Relationships > Family > Parenting > Toddlers > Playroom; Food > Recipes > Healthy eating; Health > Nutrition > Restricted diets; Jobs and education > Education > Secondary schooling"
"Are food labels more sell than science? - Healthy Debate"	"https://healthydebate.ca/2014/07/topic/foodlabels/"	"en"	"wordpress"	"200"	"70"	"4.5"	"3069"	"2"	"34"	"79"	"0"	"0"	"https://www.healthcheck.org/page/what-health-check"	"on June 18 that it would be cancelling its 15-year-old"	"Health Check program"	", leaving the space occupied by companies and regulators. The"	"http://www.healthcheck.org/page/what-health-check"	"308"	"text"	"false"	"true"	"false"	"false"	"false"	"true"	"true"	""	""	"linkfound"	"2026-09-26 14:39:44"	"2026-09-26 14:39:44"	""	"Seema Marwaha"	"Article > Opinion"	"Health > Nutrition > Restricted diets; Food > Food > Natural foods; Business; Society > Advocacy; Science"
"What you should be eating to lower your blood pressure - National | Globalnews.ca"	"https://globalnews.ca/news/458080/what-you-should-be-eating-to-lower-your-blood-pressure/"	"en"	"wordpress"	"200"	"89"	"4.5"	"2601134"	"0"	"13"	"21"	"0"	"0"	"http://www.healthcheck.org/node/11157"	"Global News spoke with Heart and Stroke dietician"	"Carol Dombrow"	"for her picks of healthy foods that do double duty"	""	""	"text"	"false"	"true"	"false"	"false"	"false"	"false"	"true"	""	""	"pagefound"	"2020-08-04 14:55:26"	"2026-09-21 09:34:46"	""	"Carmen Chai"	"Article > Research"	"Health > Health conditions > Hypertension; Food > Food"
"The Heart and Stroke Foundation owes Canadian parents an apology - Healthy Debate"	"https://healthydebate.ca/2013/12/about-healthy-debate/opinions-about-healthy-debate/the-heart-and-stroke-foundation-owes-canadian-parents-an-apology/"	"en"	"wordpress"	"200"	"70"	"4.5"	"3069"	"0"	"13"	"25"	"0"	"0"	"https://www.healthcheck.org/page/helping-you-eat-well"	"And according to"	"Health Check’s About Us page"	", “The Health Check logo tells you the food or menu"	"http://www.healthcheck.org/page/helping-you-eat-well"	"301"	"text"	"false"	"true"	"false"	"false"	"false"	"false"	"true"	""	""	"linkfound"	"2026-07-26 02:42:06"	"2026-09-24 09:54:05"	""	"Seema Marwaha"	"Article > Opinion"	"Health > Nutrition > Supplements; Food > Food > Natural foods; Society > Relationships > Family > Parenting > Toddlers > Playroom; Business"
"The Heart and Stroke Foundation owes Canadian parents an apology - Healthy Debate"	"https://healthydebate.ca/2013/12/about-healthy-debate/opinions-about-healthy-debate/the-heart-and-stroke-foundation-owes-canadian-parents-an-apology/"	"en"	"wordpress"	"200"	"70"	"4.5"	"3069"	"0"	"13"	"25"	"0"	"0"	"http://www.healthcheck.org/page/helping-you-eat-well"	"And according to"	"Health Check’s About Us page"	", “The Health Check logo tells you the food or menu"	""	""	"text"	"false"	"true"	"false"	"false"	"false"	"false"	"true"	""	""	"linkrestored"	"2024-09-26 07:13:01"	"2026-09-24 09:54:05"	""	"Seema Marwaha"	"Article > Opinion"	"Health > Nutrition > Supplements; Food > Food > Natural foods; Society > Relationships > Family > Parenting > Toddlers > Playroom; Business"
"Top 10: Some of the worst foods for your heart’s health - National | Globalnews.ca"	"https://globalnews.ca/news/436462/top-10-some-of-the-worst-foods-for-your-hearts-health/"	"en"	"wordpress"	"200"	"89"	"4.5"	"2601134"	"0"	"12"	"20"	"0"	"0"	"https://www.healthcheck.org/node/11157"	"Month in Canada, Global News asked Heart and Stroke dietician"	"Carol Dombrow"	"for her picks for worst foods for your heart’s health."	"http://www.healthcheck.org/node/11157"	"301"	"text"	"false"	"true"	"false"	"false"	"false"	"false"	"true"	""	""	"linkrestored"	"2021-04-12 21:36:49"	"2026-09-22 13:46:32"	""	"Carmen Chai"	"Article > Listicle"	"Health > Nutrition > Restricted diets; Food > Food > Vegetables"
"Top 10: Some of the worst foods for your heart’s health - National | Globalnews.ca"	"https://globalnews.ca/news/436462/top-10-some-of-the-worst-foods-for-your-hearts-health/"	"en"	"wordpress"	"200"	"89"	"4.5"	"2601134"	"0"	"12"	"20"	"0"	"0"	"http://www.healthcheck.org/node/11157"	"Month in Canada, Global News asked Heart and Stroke dietician"	"Carol Dombrow"	"for her picks for worst foods for your heart’s health."	""	""	"text"	"false"	"true"	"false"	"false"	"false"	"false"	"true"	""	""	"pagefound"	"2020-08-05 00:40:17"	"2026-09-22 13:46:32"	""	"Carmen Chai"	"Article > Listicle"	"Health > Nutrition > Restricted diets; Food > Food > Vegetables"
"Thanksgiving dinner: 9 tips for healthy holiday eating | Globalnews.ca"	"https://globalnews.ca/news/894944/thanksgiving-dinner-9-tips-for-healthy-holiday-eating/"	"en"	"wordpress"	"200"	"89"	"4.5"	"2601134"	"1"	"17"	"29"	"0"	"0"	"https://www.healthcheck.org/node/11157"	"Regan and"	"Carol Dombrow"	", a registered dietician with over 25 years of experience"	"http://www.healthcheck.org/node/11157"	"301"	"text"	"false"	"true"	"false"	"false"	"false"	"true"	"true"	""	""	"linkrestored"	"2021-04-18 07:16:24"	"2026-09-27 14:25:12"	""	"Carmen Chai"	"Article > Listicle"	"Food > Recipes > Healthy eating; Health > Nutrition > Restricted diets; Leisure > Special occasions > Seasonal events"
"Are food labels more sell than science? - Healthy Debate"	"https://healthydebate.ca/2014/07/topic/foodlabels/"	"en"	"wordpress"	"200"	"70"	"4.5"	"3069"	"2"	"34"	"79"	"0"	"0"	"https://www.healthcheck.org/page/program-criteria-3"	"approval to products that paid a fee and passed the foundation’s"	"nutrient criteria"	". But in the years since, the check became controversial, coming"	"http://www.healthcheck.org/page/program-criteria-3"	"308"	"text"	"false"	"true"	"false"	"false"	"false"	"true"	"true"	""	""	"linkfound"	"2026-09-26 14:39:44"	"2026-09-26 14:39:44"	""	"Seema Marwaha"	"Article > Opinion"	"Health > Nutrition > Restricted diets; Food > Food > Natural foods; Business; Society > Advocacy; Science"
"Meals and More: A Foods and Nutrition Manual for Homes of Adults and Children with 25 Persons or Fewer in Care"	"https://www2.gov.bc.ca/assets/gov/health/accessing-health-care/finding-assisted-living-residential-care-facilities/residential-care-facilities/meals_and_more_manual.pdf"	"en"	""	"200"	"91"	"4.5"	"1348836"	"5"	"48"	"94"	"0"	"0"	"https://www.healthcheck.org/en/healthy-recipes/recipes.html"	"Easy Meal Ideas. Available at: www.hc-sc.gc.ca/fn-an/food-guide-aliment/using-utiliser/suggestions-eng.php Healthcheck Recipes. Available at:"	"www.healthcheck.org/en/healthy-recipes/recipes.html"	"Heart and Stroke Foundation heart healthy recipes at www.hsf.ca Dietitians"	""	""	"text"	"false"	"true"	"true"	"false"	"false"	"false"	"true"	""	""	"linkfound"	"2026-09-16 02:31:18"	"2026-09-16 02:31:18"	""	"Province of British Columbia"	"Article > Guide"	"Health > Nutrition > Restricted diets; Food > Food > Natural foods; Society > Relationships > Family > Parenting > Toddlers > Playroom"
"Are food labels more sell than science? - Healthy Debate"	"https://healthydebate.ca/2014/07/topic/foodlabels/"	"en"	"wordpress"	"200"	"70"	"4.5"	"3069"	"2"	"34"	"79"	"0"	"0"	"http://www.healthcheck.org/page/program-criteria-3"	"approval to products that paid a fee and passed the foundation’s"	"nutrient criteria"	". But in the years since, the check became controversial, coming"	""	""	"text"	"false"	"true"	"false"	"false"	"false"	"true"	"true"	""	""	"linkrestored"	"2024-07-24 19:53:45"	"2026-09-26 14:39:44"	""	"Seema Marwaha"	"Article > Opinion"	"Health > Nutrition > Restricted diets; Food > Food > Natural foods; Business; Society > Advocacy; Science"
"Meals and More: A Foods and Nutrition Manual for Homes of Adults and Children with 25 Persons or Fewer in Care"	"https://www2.gov.bc.ca/assets/gov/health/accessing-health-care/finding-assisted-living-residential-care-facilities/residential-care-facilities/meals_and_more_manual.pdf"	"en"	""	"200"	"91"	"4.5"	"1348836"	"5"	"48"	"94"	"0"	"0"	"https://www.healthcheck.org/"	"Available at: www.actnowbc.ca/EN/everyone/fruits_and_vegetables_to_fit_every_budget Heart and Stroke Foundation. HealthCheck. Available at:"	"www.healthcheck.org"	"Interactive Nutrition Label and Quiz: www.hc-sc.gc.ca/fn-an/label-etiquet/nutrition/cons/interactive-eng.php Shop Smart Tours -"	""	""	"text"	"false"	"true"	"true"	"false"	"false"	"false"	"true"	""	""	"linkfound"	"2026-09-16 02:31:18"	"2026-09-16 02:31:18"	""	"Province of British Columbia"	"Article > Guide"	"Health > Nutrition > Restricted diets; Food > Food > Natural foods; Society > Relationships > Family > Parenting > Toddlers > Playroom"
"Health Care Assistant Program PROVINCIAL CURRICULUM 2015 SUPPLEMENT"	"https://opentextbc.ca/hcacurriculum/wp-content/uploads/sites/433/2023/06/HCA-Curriculum-Supplement-2015.pdf"	"en"	""	"200"	"77"	"4.5"	"103428"	"0"	"120"	"335"	"0"	"0"	"http://www.healthcheck.org/"	""	"http://www.healthcheck.org"	"National Institute of Environmental Health Sciences. (n.d.) A family guide-20"	""	""	"text"	"false"	"true"	"false"	"false"	"false"	"false"	"true"	""	""	"linkfound"	"2026-09-12 08:22:36"	"2026-09-12 08:22:36"	""	""	"Article > Guide"	"Health > Nursing > Long term care; Jobs and education > Education > Certification"
"Ten Things You Didn't Know About Fat | Live Science"	"https://www.livescience.com/46777-ten-things-you-didnt-know-about-fat.html"	"en"	""	"200"	"90"	"4.5"	"845804"	"7"	"27"	"54"	"0"	"0"	"http://www.healthcheck.org/page/different-types-fat"	"There are"	"four main types"	"of fats in our foods: polyunsaturated, monounsaturated, saturated and transfats."	""	""	"text"	"false"	"false"	"false"	"false"	"false"	"true"	"true"	""	""	"pagefound"	"2019-09-13 01:42:43"	"2026-09-24 02:56:12"	""	"Tom Sanders"	"Article > Listicle"	"Health > Nutrition > Restricted diets; Beauty > Weight loss; Science > Biological sciences > Genetics; Food > Food"
"TABLE OF CONTENTS"	"https://www.nearnorthschools.ca/wp-content/uploads/2017/05/code-parent-toolkit-teen-edition.pdf"	"en"	""	"200"	"41"	"4.5"	"5229"	"0"	"34"	"52"	"0"	"0"	"https://www.healthcheck.org/"	""	"www.healthcheck.org"	""	""	""	"text"	"false"	"true"	"false"	"false"	"false"	"false"	"true"	""	""	"linkfound"	"2026-09-25 22:55:38"	"2026-09-25 22:55:38"	""	""	"Document > Manual"	"Jobs and education > Education > Early childhood education; Society > Relationships > Family > Parenting > Toddlers > Playroom; Reference > General reference > Educational"
"Important Links - Gluxus Health - COMFORTAID"	"https://www.gluxus.com/newsite/diabetes-resources/about-diabetes/links/"	"en"	"wordpress"	"200"	"6"	"4.5"	"0"	"0"	"35"	"73"	"0"	"0"	"https://www.healthcheck.org/"	""	"Health Check™"	""	"http://www.healthcheck.org/"	"301"	"text"	"false"	"true"	"false"	"false"	"false"	"false"	"true"	""	""	"linkfound"	"2026-04-17 20:02:45"	"2026-04-25 07:59:54"	""	""	""	""
"What you should be eating to lower your blood pressure - National | Globalnews.ca"	"https://globalnews.ca/news/458080/what-you-should-be-eating-to-lower-your-blood-pressure/"	"en"	"wordpress"	"200"	"89"	"4.5"	"2601134"	"0"	"13"	"21"	"0"	"0"	"https://www.healthcheck.org/node/11157"	"Global News spoke with Heart and Stroke dietician"	"Carol Dombrow"	"for her picks of healthy foods that do double duty"	"http://www.healthcheck.org/node/11157"	"301"	"text"	"false"	"true"	"false"	"false"	"false"	"false"	"true"	""	""	"linkrestored"	"2021-04-12 21:49:11"	"2026-09-21 09:34:46"	""	"Carmen Chai"	"Article > Research"	"Health > Health conditions > Hypertension; Food > Food"
"FYI - The Heart Truth Campaign and a Meal Time Makeover Contest | Toronto Teacher Mom"	"https://www.torontoteachermom.com/2011/02/fyi-heart-truth-campaign-and-meal-time.html"	"en"	""	"200"	"27"	"4.5"	"167"	"0"	"16"	"23"	"0"	"0"	"https://www.healthcheck.org/contest/home"	""	"Enter Health Check’s Meal Time Makeover Contest"	"and you could win the Grand Prize, including:"	"http://www.healthcheck.org/contest/home"	"301"	"text"	"false"	"true"	"false"	"false"	"false"	"false"	"true"	""	""	"linkrestored"	"2021-05-08 08:58:51"	"2026-09-07 10:35:51"	""	"Diana Mancuso"	"Article > Story"	"Health > Health conditions > Diabetes; Society > Advocacy > Philanthropy; Leisure; Jobs and education > Education; Entertainment"
"FYI - The Heart Truth Campaign and a Meal Time Makeover Contest | Toronto Teacher Mom"	"https://www.torontoteachermom.com/2011/02/fyi-heart-truth-campaign-and-meal-time.html"	"en"	""	"200"	"27"	"4.5"	"167"	"0"	"16"	"23"	"0"	"0"	"http://www.healthcheck.org/contest/home"	""	"Enter Health Check’s Meal Time Makeover Contest"	"and you could win the Grand Prize, including:"	""	""	"text"	"false"	"true"	"false"	"false"	"false"	"false"	"true"	""	""	"pagefound"	"2018-05-06 06:37:50"	"2026-09-07 10:35:51"	""	"Diana Mancuso"	"Article > Story"	"Health > Health conditions > Diabetes; Society > Advocacy > Philanthropy; Leisure; Jobs and education > Education; Entertainment"
"5 tips for packing healthy, kid-friendly back to school lunches | Globalnews.ca"	"https://globalnews.ca/news/816462/5-tips-for-packing-healthy-kid-friendly-back-to-school-lunches/"	"en"	"wordpress"	"200"	"89"	"4.5"	"2601134"	"0"	"12"	"22"	"0"	"0"	"http://www.healthcheck.org/node/11157"	"kids are interested in and you don’t involve your kids,”"	"Carol Dombrow"	", a registered dietician with the Heart and Stroke Foundation,"	""	""	"text"	"false"	"true"	"false"	"false"	"false"	"false"	"true"	""	""	"pagefound"	"2020-08-04 07:20:59"	"2026-09-22 06:53:28"	""	"Carmen Chai"	"Article > Listicle"	"Society > Relationships > Family > Parenting > Toddlers > Playroom; Food > Recipes > Healthy eating; Health > Nutrition > Restricted diets; Jobs and education > Education > Secondary schooling"
"5 tips for packing healthy, kid-friendly back to school lunches | Globalnews.ca"	"https://globalnews.ca/news/816462/5-tips-for-packing-healthy-kid-friendly-back-to-school-lunches/"	"en"	"wordpress"	"200"	"89"	"4.5"	"2601134"	"0"	"12"	"22"	"0"	"0"	"https://www.healthcheck.org/node/11157"	"kids are interested in and you don’t involve your kids,”"	"Carol Dombrow"	", a registered dietician with the Heart and Stroke Foundation,"	"http://www.healthcheck.org/node/11157"	"301"	"text"	"false"	"true"	"false"	"false"	"false"	"false"	"true"	""	""	"linkrestored"	"2021-04-12 21:40:01"	"2026-09-22 06:53:28"	""	"Carmen Chai"	"Article > Listicle"	"Society > Relationships > Family > Parenting > Toddlers > Playroom; Food > Recipes > Healthy eating; Health > Nutrition > Restricted diets; Jobs and education > Education > Secondary schooling"
"Thanksgiving dinner: 9 tips for healthy holiday eating | Globalnews.ca"	"https://globalnews.ca/news/894944/thanksgiving-dinner-9-tips-for-healthy-holiday-eating/"	"en"	"wordpress"	"200"	"89"	"4.5"	"2601134"	"1"	"17"	"29"	"0"	"0"	"http://www.healthcheck.org/node/11157"	"Regan and"	"Carol Dombrow"	", a registered dietician with over 25 years of experience"	""	""	"text"	"false"	"true"	"false"	"false"	"false"	"true"	"true"	""	""	"pagefound"	"2020-08-03 20:50:36"	"2026-09-27 14:25:12"	""	"Carmen Chai"	"Article > Listicle"	"Food > Recipes > Healthy eating; Health > Nutrition > Restricted diets; Leisure > Special occasions > Seasonal events"
"9 healthy, salty snacks | Best Health"	"https://www.besthealthmag.ca/list/9-healthy-salty-snacks/"	"en"	"wordpress"	"200"	"75"	"4.5"	"33938"	"1"	"14"	"19"	"0"	"0"	"http://www.healthcheck.org/"	"looking for one that has the Heart & Stroke Foundation’s"	"“Health Check”"	"label, says Arrey, because one of the criteria for earning"	""	""	"text"	"false"	"true"	"true"	"false"	"false"	"false"	"true"	""	""	"linkrestored"	"2021-02-26 15:08:16"	"2026-09-30 02:37:36"	""	""	"Article > Listicle"	"Food > Food > Snack foods; Health > Nutrition > Restricted diets"
"Important Links - Gluxus Health - COMFORTAID"	"http://www.gluxus.com/newsite/diabetes-resources/about-diabetes/links/"	"en"	"wordpress"	"200"	"6"	"4.5"	"0"	"0"	"35"	"73"	"0"	"0"	"http://www.healthcheck.org/"	""	"Health Check™"	""	""	""	"text"	"false"	"true"	"false"	"false"	"false"	"false"	"true"	""	""	"linkrestored"	"2021-07-28 05:35:13"	"2026-04-27 17:27:58"	""	""	""	""
"Important Links - Gluxus Health - COMFORTAID"	"http://www.gluxus.com/newsite/diabetes-resources/about-diabetes/links/"	"en"	"wordpress"	"200"	"6"	"4.5"	"0"	"0"	"35"	"73"	"0"	"0"	"https://www.healthcheck.org/"	""	"Health Check™"	""	"http://www.healthcheck.org/"	"301"	"text"	"false"	"true"	"false"	"false"	"false"	"false"	"true"	""	""	"linkrestored"	"2021-07-28 05:35:13"	"2026-04-27 17:27:58"	""	""	""	""
"Are food labels more sell than science? - Healthy Debate"	"https://healthydebate.ca/2014/07/topic/foodlabels/"	"en"	"wordpress"	"200"	"70"	"4.5"	"3069"	"2"	"34"	"79"	"0"	"0"	"http://www.healthcheck.org/page/what-health-check"	"on June 18 that it would be cancelling its 15-year-old"	"Health Check program"	", leaving the space occupied by companies and regulators. The"	""	""	"text"	"false"	"true"	"false"	"false"	"false"	"true"	"true"	""	""	"linkrestored"	"2024-07-24 19:53:45"	"2026-09-26 14:39:44"	""	"Seema Marwaha"	"Article > Opinion"	"Health > Nutrition > Restricted diets; Food > Food > Natural foods; Business; Society > Advocacy; Science"
"Weighty Matters: Breaking News: Official Health Check endorsement of Pizza Hut!"	"http://www.weightymatters.ca/2010/02/breaking-news-offical-health-check.html"	"en"	""	"200"	"47"	"4.4"	"47"	"0"	"9"	"19"	"0"	"0"	"http://www.healthcheck.org/story/british-columbia-pizza-huts-get-a-health-check-pizza-hut"	"Here's the quote from the"	"press release"	","	""	""	"text"	"false"	"true"	"false"	"false"	"false"	"false"	"true"	""	""	"pagefound"	"2022-03-07 10:13:53"	"2026-10-02 12:17:26"	""	""	"Article > News"	"Health > Nutrition > Restricted diets; Beauty > Weight loss; Food > Restaurants"
"Weighty Matters: Heart and Stroke Foundation recommends soda taxes and eating out"	"http://www.weightymatters.ca/2010/11/heart-and-stroke-foundation-recommends.html"	"en"	""	"200"	"47"	"4.4"	"47"	"0"	"10"	"20"	"0"	"0"	"https://www.healthcheck.org/story/caseys-grill-launches-health-check-items"	""	"The second"	"announced that Casey's Bar and Grill was now a proud"	"http://www.healthcheck.org/story/caseys-grill-launches-health-check-items"	"301"	"text"	"false"	"true"	"false"	"false"	"false"	"false"	"true"	""	""	"linkrestored"	"2022-02-19 12:11:29"	"2026-09-25 17:41:48"	""	""	"Article > News"	"Health > Nutrition > Restricted diets; Beauty > Weight loss; Society; Food"
"Weighty Matters: Seriously, what the hell is wrong with the Heart and Stroke Foundation?"	"http://www.weightymatters.ca/2011/01/seriously-what-hell-is-wrong-with-heart.html"	"en"	""	"200"	"47"	"4.4"	"47"	"0"	"9"	"19"	"0"	"0"	"https://www.healthcheck.org/content/heres-a-challenge-create-a-healthy-pizza-lunch"	"flipping through my various RSS feeds and I came across"	"the latest post"	"on the Heart and Stroke Foundation's Health Check blog. It"	"http://www.healthcheck.org/content/heres-a-challenge-create-a-healthy-pizza-lunch"	"301"	"text"	"false"	"true"	"false"	"false"	"false"	"false"	"true"	""	""	"linkrestored"	"2021-04-15 09:42:40"	"2026-09-25 10:48:03"	""	""	"Article > Opinion"	"Health > Nutrition > Restricted diets; Beauty > Weight loss; Food"
"incomeXchange.com - A guide to Canada's best deals and contests"	"http://incomexchange.com/archive2K11.htm"	"en"	""	"200"	"0"	"4.4"	"3"	"0"	"1236"	"5850"	"0"	"0"	"http://www.healthcheck.org/contest/enter"	"Healthcheck.org has a contest to"	"win a nutrition makeover trip to Toronto"	"."	""	""	"text"	"false"	"true"	"false"	"false"	"false"	"false"	"true"	""	""	"pagefound"	"2025-10-23 19:46:34"	"2026-09-23 00:26:41"	""	""	"Listing collection > Article"	"Shopping > Consumer > Discount; Computers and electronics > Consumer electronics > Portable electronics; Business; Internet"
"Breakfast: Don’t Leave Home Without It! - Sweet Potato Chronicles"	"https://sweetpotatochronicles.com/2011/04/breakfast-dont-leave-home-without-it/"	"en"	"wordpress"	"200"	"37"	"4.4"	"1673"	"0"	"7"	"17"	"0"	"0"	"http://www.healthcheck.org/blog"	"For more great health information, follow Health Check’s"	"blog"	"!"	""	""	"text"	"false"	"true"	"false"	"false"	"false"	"false"	"true"	""	""	"pagefound"	"2023-09-18 16:55:05"	"2026-09-20 17:11:13"	""	""	"Article > Guide"	"Health > Nutrition > Restricted diets; Food > Recipes > Healthy eating"
"Weighty Matters: Front of package labeling fight! Guiding Stars vs. Health Check"	"http://www.weightymatters.ca/2011/09/front-of-package-labeling-fight-guiding.html"	"en"	""	"200"	"47"	"4.4"	"47"	"1"	"12"	"26"	"0"	"0"	"http://www.healthcheck.org/content/one-nutrition-program-we-can-trust"	""	"One nutrition program we can trust"	""	""	""	"text"	"false"	"true"	"false"	"false"	"false"	"true"	"true"	""	""	"pagefound"	"2021-03-07 17:03:43"	"2026-09-04 11:05:35"	""	""	"Article > Opinion"	"Health > Nutrition > Restricted diets; Beauty > Weight loss; Food > Food"
"incomeXchange.com - A guide to Canada's best deals and contests"	"https://incomexchange.com/archive2K12.htm"	"en"	""	"200"	"0"	"4.4"	"3"	"0"	"973"	"5876"	"0"	"0"	"http://www.healthcheck.org/instylecontest/enter"	"Enter to"	"win a trip to The Heart Truth Fashion Show or one of ten $1,000 grocery gift cards"	"from The Heart & Stroke Foundation."	""	""	"text"	"false"	"true"	"false"	"false"	"false"	"false"	"true"	""	""	"pagefound"	"2025-01-18 08:40:16"	"2026-09-22 18:37:24"	""	""	"Listing collection > Product"	"Shopping > Consumer > Discount; Computers and electronics > Consumer electronics > Portable electronics; Leisure > Promotional giveaways"
"Weighty Matters: Heart and Stroke dietitian labels Health Check useless."	"http://www.weightymatters.ca/2011/03/heart-and-stroke-dietitian-labels.html"	"en"	""	"200"	"47"	"4.4"	"47"	"1"	"10"	"23"	"0"	"0"	"https://www.healthcheck.org/content/how-can-you-possibly-compare-one-food-another"	"With that in mind, I found"	"a recent post"	"by Katie Jessop, a Heart and Stroke Foundation Health Check"	"http://www.healthcheck.org/content/how-can-you-possibly-compare-one-food-another"	"308"	"text"	"false"	"true"	"false"	"false"	"false"	"true"	"true"	""	""	"linkrestored"	"2021-04-13 16:38:14"	"2026-10-02 13:27:15"	""	""	"Article > Opinion"	"Health > Nutrition > Restricted diets; Beauty > Weight loss; Food"
"incomeXchange.com - A guide to Canada's best deals and contests"	"https://incomexchange.com/archive2K11.htm"	"en"	""	"200"	"0"	"4.4"	"3"	"0"	"1239"	"5853"	"0"	"0"	"http://www.healthcheck.org/contest/enter"	"Healthcheck.org has a contest to"	"win a nutrition makeover trip to Toronto"	"."	""	""	"text"	"false"	"true"	"false"	"false"	"false"	"false"	"true"	""	""	"pagefound"	"2025-01-18 12:33:06"	"2026-09-24 02:36:12"	""	""	"Listing collection > Article"	"Shopping > Consumer > Discount; Computers and electronics > Consumer electronics > Portable electronics; Business; Internet"
"Many Canadian kids get a failing grade on breakfast, need a healthier start to the new school year"	"https://www.newswire.ca/news-releases/many-canadian-kids-get-a-failing-grade-on-breakfast-need-a-healthier-start-to-the-new-school-year-510598261.html"	"en"	""	"200"	"87"	"4.4"	"258456"	"0"	"13"	"63"	"0"	"0"	"http://www.healthcheck.org/"	"The Heart and Stroke Health Check website ("	"www.healthcheck.org"	") can help you make informed and balanced food choices."	""	""	"text"	"false"	"true"	"true"	"false"	"false"	"false"	"true"	""	""	"pagefound"	"2026-03-06 01:50:56"	"2026-09-22 18:58:46"	""	""	"Article > News"	"Health > Nutrition > Restricted diets; Society > Advocacy > Hunger; Jobs and education > Education > Secondary schooling; Food"
"Eating healthier, staying awake longer – Life @ U of T"	"http://blogs.studentlife.utoronto.ca/lifeatuoft/2010/03/01/eating-healthier/"	"en"	"wordpress"	"200"	"90"	"4.4"	"1696785"	"0"	"29"	"59"	"0"	"0"	"http://www.healthcheck.org/"	"canned stuff together. I buy the low-fat kind with the"	"Health Check"	"label. Salad dressings: They can range from as low as"	""	""	"text"	"false"	"true"	"false"	"false"	"false"	"false"	"true"	""	""	"pagefound"	"2022-03-20 12:49:38"	"2026-08-17 15:06:58"	""	""	"Article > Opinion"	"Health > Nutrition > Restricted diets; Food > Recipes > Healthy eating; Society > Motivational"
"Weighty Matters: ""Making a difference one pizza at a time"""	"http://www.weightymatters.ca/2010/11/making-difference-one-pizza-at-time.html"	"en"	""	"200"	"47"	"4.4"	"47"	"0"	"9"	"19"	"0"	"0"	"http://www.healthcheck.org/content/making-a-difference-one-pizza-a-time"	"That's the title of Heart and Stroke Foundation Dietitian"	"Samara Foisy"	"'s blog post on why she's thrilled to have had"	""	""	"text"	"false"	"true"	"false"	"false"	"false"	"false"	"true"	""	""	"pagefound"	"2013-12-01 21:59:32"	"2026-09-25 17:11:01"	""	""	"Article > Opinion"	"Health > Nutrition > Restricted diets; Beauty > Weight loss; Food > Recipes"
"Weighty Matters: The Heart and Stroke Foundation Needs International Experts To Tell Them Not to Sell Candy?"	"http://www.weightymatters.ca/2013/11/the-heart-and-stroke-foundation-needs.html"	"en"	""	"200"	"47"	"4.4"	"47"	"6"	"11"	"36"	"0"	"0"	"http://www.healthcheck.org/story/health-check-media"	"program has been something of a train wreck and includes"	"this press release"	"put out by Health Check's program manager Terry Dean."	""	""	"text"	"false"	"true"	"false"	"false"	"false"	"true"	"true"	""	""	"pagefound"	"2022-09-11 15:23:34"	"2026-09-11 10:13:10"	""	""	"Article > Opinion"	"Health > Nutrition > Restricted diets; Beauty > Weight loss"
"有关反式脂肪的 五 项重点"	"https://www.toronto.ca/wp-content/uploads/2017/10/9005-tph-transfat-fs-chs-2008.pdf"	"zh-cn"	""	"200"	"87"	"4.4"	"514630"	"0"	"5"	"10"	"0"	"0"	"https://www.healthcheck.org/"	"阅读和了解营养标示。看看""脂肪""成分，选择含反式脂肪和饱和脂肪较少的产品，正如以下 的例子。有关更多营养标签的资料，浏览 www.healthyeatingisinstore.ca 或"	"www.healthcheck.org"	"。 爆玉米花 A 爆玉米花 B"	""	""	"text"	"false"	"true"	"false"	"false"	"false"	"false"	"true"	""	""	"linkfound"	"2026-09-26 11:11:19"	"2026-09-26 11:11:19"	""	"多伦多市"	"Article > Guide"	"Health > Nutrition > Restricted diets; Food > Food > Natural foods; Beauty > Weight loss"
"CANADIAN CHILDREN'S FOOD AND BEVERAGE ADVERTISING INITIATIVE"	"https://adstandards.ca/wp-content/uploads/2018/11/CAIUniformNutritionCriteriaWhitePaper-EN-Nov-2018.pdf"	"en"	""	"200"	"72"	"4.4"	"222"	"2"	"17"	"37"	"0"	"0"	"http://www.healthcheck.org/"	"Foods, June 2012 http://www.hc-sc.gc.ca/fn-an/legislation/guide-ld/2012-sodium-reduction-indust-eng.php Heart & Stroke Foundation HealthCheckTM Program"	"http://www.healthcheck.org"	"http://www.healthcheck.org/page/nutrient-criteria-grocery http://www.healthcheck.org/sites/default/files/mmallet/GroceryNutrientCriteria_Sept11.pdf Interagency Working Group (IWG) on Food Marketed to"	""	""	"text"	"false"	"true"	"false"	"false"	"false"	"false"	"true"	""	""	"linkfound"	"2026-09-25 09:03:20"	"2026-09-25 09:03:20"	""	""	"Document > Report"	"Food > Food > Snack foods; Business > Marketing > Brand; Health > Nutrition > Restricted diets"
"Weighty Matters: Health Check's ""trans-fat free"" = 5% trans fat!"	"http://www.weightymatters.ca/2009/12/health-checks-trans-fat-free-5-trans.html"	"en"	""	"200"	"47"	"4.4"	"47"	"0"	"13"	"24"	"0"	"0"	"http://www.healthcheck.org/story/health-check-drives-away-salt"	"Check"	"this"	"out - here a quote from a Health Check promotion,"	""	""	"text"	"false"	"true"	"false"	"false"	"false"	"false"	"true"	""	""	"pagefound"	"2022-06-02 02:52:44"	"2026-09-27 21:20:26"	""	""	"Article > Guide"	"Health > Nutrition > Restricted diets; Beauty > Weight loss; Food > Food > Natural foods"
"Weighty Matters: Front of package labeling fight! Guiding Stars vs. Health Check"	"http://www.weightymatters.ca/2011/09/front-of-package-labeling-fight-guiding.html"	"en"	""	"200"	"47"	"4.4"	"47"	"1"	"12"	"26"	"0"	"0"	"https://www.healthcheck.org/content/one-nutrition-program-we-can-trust"	""	"One nutrition program we can trust"	""	"http://www.healthcheck.org/content/one-nutrition-program-we-can-trust"	"301"	"text"	"false"	"true"	"false"	"false"	"false"	"true"	"true"	""	""	"linkrestored"	"2021-04-09 10:39:01"	"2026-09-04 11:05:35"	""	""	"Article > Opinion"	"Health > Nutrition > Restricted diets; Beauty > Weight loss; Food > Food"
"有關反式脂肪的 五 項重點"	"https://www.toronto.ca/wp-content/uploads/2017/10/906b-tph-transfat-fs-cht-2008.pdf"	"zh-tw"	""	"200"	"87"	"4.4"	"514630"	"1"	"6"	"12"	"0"	"0"	"https://www.healthcheck.org/"	"子。有關更多營養標籤的資料，瀏覽 www.healthyeatingisinstore.ca 或"	"www.healthcheck.org"	"。"	""	""	"text"	"false"	"true"	"false"	"false"	"false"	"false"	"true"	""	""	"linkfound"	"2026-09-26 07:03:49"	"2026-09-26 07:03:49"	""	"多倫多市"	"Article > How-to"	"Health > Nutrition > Restricted diets; Food > Food > Natural foods; Beauty > Weight loss"
"Weighty Matters: The Heart and Stroke Foundation Needs International Experts To Tell Them Not to Sell Candy?"	"http://www.weightymatters.ca/2013/11/the-heart-and-stroke-foundation-needs.html"	"en"	""	"200"	"47"	"4.4"	"47"	"6"	"11"	"36"	"0"	"0"	"https://www.healthcheck.org/page/health-check-team"	"So what exactly do"	"the Heart and Stroke Foundation's Health Check Registered Dietitians"	"do for the Foundation if Health Check needs to ask"	"http://www.healthcheck.org/page/health-check-team"	"308"	"text"	"false"	"true"	"false"	"false"	"false"	"true"	"true"	""	""	"linkfound"	"2026-04-14 10:38:48"	"2026-09-11 10:13:10"	""	""	"Article > Opinion"	"Health > Nutrition > Restricted diets; Beauty > Weight loss"
"Reality check: How much calcium is too much? - National | Globalnews.ca"	"https://globalnews.ca/news/376296/reality-check-how-much-calcium-is-too-much/"	"en"	"wordpress"	"200"	"89"	"4.4"	"2601134"	"0"	"19"	"31"	"0"	"0"	"https://www.healthcheck.org/node/11157"	""	"Carol Dombrow"	", who’s been a registered dietician with the Heart and"	"http://www.healthcheck.org/node/11157"	"301"	"text"	"false"	"true"	"false"	"false"	"false"	"false"	"true"	""	""	"linkrestored"	"2021-04-24 18:09:25"	"2026-09-29 11:09:53"	""	"Carmen Chai"	"Article > Research"	"Health > Nutrition > Restricted diets; Food > Food > Eggs; Science > Biological sciences > Genetics"
"有關反式脂肪的 五 項重點"	"https://www.toronto.ca/wp-content/uploads/2017/10/906b-tph-transfat-fs-cht-2008.pdf"	"zh-tw"	""	"200"	"87"	"4.4"	"514630"	"1"	"6"	"12"	"0"	"0"	"http://www.healthcheck.org/"	""	""	""	""	""	"text"	"false"	"true"	"false"	"false"	"false"	"false"	"true"	""	""	"linkfound"	"2026-09-26 07:03:49"	"2026-09-26 07:03:49"	""	"多倫多市"	"Article > How-to"	"Health > Nutrition > Restricted diets; Food > Food > Natural foods; Beauty > Weight loss"
"Weighty Matters: The Heart and Stroke Foundation Owes Canadians an Apology and Action"	"http://www.weightymatters.ca/2013/10/the-heart-and-stroke-foundation-owes.html"	"en"	""	"200"	"47"	"4.4"	"47"	"2"	"11"	"31"	"0"	"0"	"http://www.healthcheck.org/page/helping-you-eat-well"	"And according to"	"Health Check's About Us page"	","	""	""	"text"	"false"	"true"	"false"	"false"	"false"	"true"	"true"	""	""	"pagefound"	"2021-11-11 19:19:39"	"2026-09-09 00:19:49"	""	""	"Article > Opinion"	"Health > Nutrition > Restricted diets; Beauty > Weight loss; Food > Food > Natural foods"
"Weighty Matters: The Heart and Stroke Foundation Owes Canadians an Apology and Action"	"http://www.weightymatters.ca/2013/10/the-heart-and-stroke-foundation-owes.html"	"en"	""	"200"	"47"	"4.4"	"47"	"2"	"11"	"31"	"0"	"0"	"http://www.healthcheck.org/story/december-15-2004-food-industry-offers-consumers-solution-fight-against-obesity-health-check-pr"	"It's no surprise that Health Check is trusted. In fact"	"the Heart and Stroke Foundation's own research"	"has shown that consumers interpret their Health Check marks to"	""	""	"text"	"false"	"true"	"false"	"false"	"false"	"true"	"true"	""	""	"pagefound"	"2021-11-11 19:19:39"	"2026-09-09 00:19:49"	""	""	"Article > Opinion"	"Health > Nutrition > Restricted diets; Beauty > Weight loss; Food > Food > Natural foods"
"Las 5 cosas más importantes que debe saber sobre la grasa trans"	"https://www.toronto.ca/wp-content/uploads/2017/10/903e-tph-transfat-fs-spa-2009.pdf"	"es"	""	"200"	"87"	"4.4"	"514630"	"0"	"6"	"13"	"0"	"0"	"http://www.healthcheck.org/"	""	""	""	""	""	"text"	"false"	"true"	"false"	"false"	"false"	"false"	"true"	""	""	"linkfound"	"2026-09-12 08:25:42"	"2026-09-12 08:25:42"	""	"Ciudad de Toronto"	"Article > Listicle"	"Health > Nutrition > Restricted diets; Food > Food > Natural foods; Beauty > Weight loss"
"Health Check approval misleading consumers, Canadian doctor alleges - National | Globalnews.ca"	"https://globalnews.ca/news/314085/health-check-approval-misleading-consumers-canadian-doctor-alleges/"	"en"	"wordpress"	"200"	"89"	"4.4"	"2601134"	"8"	"18"	"41"	"0"	"0"	"http://www.healthcheck.org/page/restaurant-overview"	"Take a look at the Health Check’s vast"	"list"	"of approved foods."	""	""	"text"	"false"	"true"	"false"	"false"	"false"	"true"	"true"	""	""	"pagefound"	"2020-08-10 18:17:59"	"2026-09-22 21:39:05"	""	"Carmen Chai"	"Article > News"	"Health > Nutrition > Restricted diets; Food > Food > Natural foods; Government > Government > Public policy; Society > Advocacy; Business"
"Reality check: How much calcium is too much? - National | Globalnews.ca"	"https://globalnews.ca/news/376296/reality-check-how-much-calcium-is-too-much/"	"en"	"wordpress"	"200"	"89"	"4.4"	"2601134"	"0"	"19"	"31"	"0"	"0"	"http://www.healthcheck.org/node/11157"	""	"Carol Dombrow"	", who’s been a registered dietician with the Heart and"	""	""	"text"	"false"	"true"	"false"	"false"	"false"	"false"	"true"	""	""	"pagefound"	"2020-08-04 11:17:00"	"2026-09-29 11:09:53"	""	"Carmen Chai"	"Article > Research"	"Health > Nutrition > Restricted diets; Food > Food > Eggs; Science > Biological sciences > Genetics"
"5 healthy fast food swaps | Globalnews.ca"	"https://globalnews.ca/news/657506/5-healthy-fast-food-swaps/"	"en"	"wordpress"	"200"	"89"	"4.4"	"2601134"	"0"	"15"	"24"	"0"	"0"	"https://www.healthcheck.org/node/11157"	"to fast food have difficult choices to make, registered dietician"	"Carol Dombrow"	"told Global News. She’s been a dietician with the Heart"	"http://www.healthcheck.org/node/11157"	"301"	"text"	"false"	"true"	"false"	"false"	"false"	"false"	"true"	""	""	"linkrestored"	"2021-04-18 10:23:37"	"2026-09-22 18:18:18"	""	"Carmen Chai"	"Article > Listicle"	"Food > Food > Natural foods; Health > Nutrition > Restricted diets"
"Read ""Front-of-Package Nutrition Rating Systems and Symbols: Phase I Report"" at NAP.edu"	"https://www.nationalacademies.org/read/12957/chapter/12"	"en"	""	"200"	"90"	"4.4"	"73635"	"0"	"33"	"44"	"0"	"0"	"https://www.healthcheck.org/page/program-criteria"	"Website:"	"http://www.healthcheck.org/page/program-criteria"	""	"http://www.healthcheck.org/page/program-criteria"	"301"	"text"	"false"	"false"	"false"	"false"	"false"	"false"	"true"	""	""	"linkfound"	"2026-09-02 03:02:20"	"2026-09-02 03:02:20"	""	""	"Listing > Product"	"Health > Nutrition > Restricted diets; Science > Biological sciences > Genetics; Jobs and education > Education > Publications; Business > Biotech"
"AHA(American Heart Association) Archives - Food Politics by Marion Nestle"	"https://www.foodpolitics.com/tag/ahaamerican-heart-association/"	"en"	"wordpress"	"200"	"69"	"4.4"	"2300"	"1"	"34"	"81"	"0"	"0"	"http://www.healthcheck.org/story/british-columbia-pizza-huts-get-a-health-check-pizza-hut"	"participation in the program on its website. [Update February 3:"	"Pizza Hut has now announced its participation"	"in the program]"	""	""	"text"	"false"	"true"	"false"	"false"	"false"	"true"	"true"	""	""	"linkrestored"	"2017-09-15 19:35:05"	"2026-09-16 11:24:46"	""	""	"Listing collection > Article"	"Health > Nutrition > Restricted diets; Food > Food > Natural foods; Society"
"Eating healthier, staying awake longer – Life @ U of T"	"https://blogs.studentlife.utoronto.ca/lifeatuoft/2010/03/01/eating-healthier/"	"en"	"wordpress"	"200"	"90"	"4.4"	"1696785"	"0"	"29"	"60"	"0"	"0"	"http://www.healthcheck.org/"	"canned stuff together. I buy the low-fat kind with the"	"Health Check"	"label. Salad dressings: They can range from as low as"	""	""	"text"	"false"	"true"	"false"	"false"	"false"	"false"	"true"	""	""	"pagefound"	"2021-09-23 12:15:59"	"2026-09-07 01:44:42"	""	""	"Article > Story"	"Health > Health conditions > Digestive disorders; Food > Recipes > Healthy eating; Society > Motivational"
"CANADIAN CHILDREN'S FOOD AND BEVERAGE ADVERTISING INITIATIVE"	"https://adstandards.ca/wp-content/uploads/2018/11/CAIUniformNutritionCriteriaWhitePaper-EN-Nov-2018.pdf"	"en"	""	"200"	"72"	"4.4"	"222"	"2"	"17"	"37"	"0"	"0"	"http://www.healthcheck.org/page/nutrient-criteria-grocery"	"June 2012 http://www.hc-sc.gc.ca/fn-an/legislation/guide-ld/2012-sodium-reduction-indust-eng.php Heart & Stroke Foundation HealthCheckTM Program http://www.healthcheck.org"	"http://www.healthcheck.org/page/nutrient-criteria-grocery"	"http://www.healthcheck.org/sites/default/files/mmallet/GroceryNutrientCriteria_Sept11.pdf Interagency Working Group (IWG) on Food Marketed to Children"	""	""	"text"	"false"	"true"	"false"	"false"	"false"	"false"	"true"	""	""	"linkfound"	"2026-09-25 09:03:20"	"2026-09-25 09:03:20"	""	""	"Document > Report"	"Food > Food > Snack foods; Business > Marketing > Brand; Health > Nutrition > Restricted diets"
"2014_SaltAndSodiumGetTheFacts_EN_P1004"	"https://src.healthpei.ca/sites/src.healthpei.ca/files/nursingeducation/Care%20Pathways/Hypertenstion/Salt_and_Sodium_Get_the_Facts_ENG.pdf"	"en"	""	"200"	"59"	"4.4"	"3297"	"1"	"3"	"4"	"0"	"0"	"https://www.healthcheck.org/"	"Calcium 20 % • Iron 0 %"	"www.healthcheck.org"	""	""	""	"text"	"false"	"true"	"false"	"false"	"false"	"false"	"true"	""	""	"linkfound"	"2026-09-25 13:44:11"	"2026-09-25 13:44:11"	""	""	"Article > Guide"	"Health > Nutrition > Restricted diets; Food > Food > Natural foods"
"Weighty Matters: Heart and Stroke Foundation's Health Check tells Kids Chocolate Muffins are Healthy"	"http://www.weightymatters.ca/2007/05/heart-and-stroke-foundations-health.html"	"en"	""	"200"	"47"	"4.4"	"47"	"0"	"10"	"20"	"0"	"0"	"http://www.healthcheck.org/sites/default/files/editor/HealthCheck_Nutrient%20criteria_retail_2009%282%29_0.pdf"	"Looking at the"	"criteria"	"for a Health Check, I'm dismayed but not shocked to"	""	""	"text"	"false"	"true"	"false"	"false"	"false"	"false"	"true"	""	""	"pagefound"	"2013-08-09 07:08:07"	"2026-09-26 20:14:02"	""	""	"Article > Opinion"	"Health > Nutrition > Restricted diets; Beauty > Weight loss; Food > Food"
"Weighty Matters: Heart and Stroke Foundation recommends soda taxes and eating out"	"http://www.weightymatters.ca/2010/11/heart-and-stroke-foundation-recommends.html"	"en"	""	"200"	"47"	"4.4"	"47"	"0"	"10"	"20"	"0"	"0"	"http://www.healthcheck.org/story/caseys-grill-launches-health-check-items"	""	"The second"	"announced that Casey's Bar and Grill was now a proud"	""	""	"text"	"false"	"true"	"false"	"false"	"false"	"false"	"true"	""	""	"pagefound"	"2022-02-19 12:11:29"	"2026-09-25 17:41:48"	""	""	"Article > News"	"Health > Nutrition > Restricted diets; Beauty > Weight loss; Society; Food"
"Weighty Matters: Heart and Stroke dietitian labels Health Check useless."	"http://www.weightymatters.ca/2011/03/heart-and-stroke-dietitian-labels.html"	"en"	""	"200"	"47"	"4.4"	"47"	"1"	"10"	"23"	"0"	"0"	"http://www.healthcheck.org/sites/default/files/pfletcher/Grocery%20Nutrient%20Criteria%20pdf_Jan11.pdf"	"Health Check generally only evaluates"	"3-4 different nutritional criteria"	", and it does so on a black and white"	""	""	"text"	"false"	"true"	"false"	"false"	"false"	"true"	"true"	""	""	"pagefound"	"2013-08-10 06:26:20"	"2026-10-02 13:27:15"	""	""	"Article > Opinion"	"Health > Nutrition > Restricted diets; Beauty > Weight loss; Food"
"Healthy grilling: 9 tips for healthy summertime barbecuing | Globalnews.ca"	"https://globalnews.ca/news/728426/healthy-grilling-9-tips-for-healthy-summertime-barbecuing/"	"en"	"wordpress"	"200"	"89"	"4.4"	"2601134"	"0"	"12"	"23"	"0"	"0"	"https://www.healthcheck.org/page/samara-foisy-rd-mhsc"	"of groceries, barbecuing can be healthy and tasty, registered dietician"	"Samara Foisy"	", of the Heart and Stroke Foundation’s Health Check program,"	"http://www.healthcheck.org/page/samara-foisy-rd-mhsc"	"301"	"text"	"false"	"true"	"false"	"false"	"false"	"false"	"true"	""	""	"linkrestored"	"2021-05-04 17:15:40"	"2026-09-24 14:05:18"	""	"Carmen Chai"	"Article > Listicle"	"Food > Recipes > Grilling; Health > Nutrition > Restricted diets"
"Weighty Matters: Shouldn't Health Check at least check calories?"	"http://www.weightymatters.ca/2011/06/shouldnt-health-check-at-least-check.html"	"en"	""	"200"	"47"	"4.4"	"47"	"0"	"10"	"20"	"0"	"0"	"https://www.healthcheck.org/content/what-are-canadians-saying-online-about-healthy-eating"	"Well according to"	"their blog post"	","	"http://www.healthcheck.org/content/what-are-canadians-saying-online-about-healthy-eating"	"301"	"text"	"false"	"true"	"false"	"false"	"false"	"false"	"true"	""	""	"linkrestored"	"2021-10-27 06:16:14"	"2026-09-25 14:04:18"	""	""	"Article > Opinion"	"Health > Nutrition > Restricted diets; Beauty > Weight loss; Food"
"Weighty Matters: Heart and Stroke's heart-on for refined white flour, ground beef and salt"	"http://www.weightymatters.ca/2007/08/heart-and-strokes-heart-on-for-refined.html"	"en"	""	"200"	"47"	"4.4"	"47"	"0"	"11"	"21"	"0"	"0"	"https://www.healthcheck.org/page/grocery-product-licensee-fees"	"all they paid the Heart and Stroke Foundation's Health Check"	"good money"	"to apparently sell out."	"http://www.healthcheck.org/page/grocery-product-licensee-fees"	"308"	"text"	"false"	"true"	"false"	"false"	"false"	"false"	"true"	""	""	"linkrestored"	"2021-08-22 15:20:45"	"2026-09-26 21:34:31"	""	""	"Article > Opinion"	"Health > Nutrition > Restricted diets; Beauty > Weight loss; Food > Food > Natural foods"
"Weighty Matters: Shouldn't Health Check at least check calories?"	"http://www.weightymatters.ca/2011/06/shouldnt-health-check-at-least-check.html"	"en"	""	"200"	"47"	"4.4"	"47"	"0"	"10"	"20"	"0"	"0"	"http://www.healthcheck.org/content/what-are-canadians-saying-online-about-healthy-eating"	"Well according to"	"their blog post"	","	""	""	"text"	"false"	"true"	"false"	"false"	"false"	"false"	"true"	""	""	"pagefound"	"2021-10-27 06:16:14"	"2026-09-25 14:04:18"	""	""	"Article > Opinion"	"Health > Nutrition > Restricted diets; Beauty > Weight loss; Food"
"Healthy grilling: 9 tips for healthy summertime barbecuing | Globalnews.ca"	"https://globalnews.ca/news/728426/healthy-grilling-9-tips-for-healthy-summertime-barbecuing/"	"en"	"wordpress"	"200"	"89"	"4.4"	"2601134"	"0"	"12"	"23"	"0"	"0"	"http://www.healthcheck.org/"	"dietician Samara Foisy , of the Heart and Stroke Foundation’s"	"Health Check"	"program, said."	""	""	"text"	"false"	"true"	"false"	"false"	"false"	"false"	"true"	""	""	"pagefound"	"2020-08-04 00:48:23"	"2026-09-24 14:05:18"	""	"Carmen Chai"	"Article > Listicle"	"Food > Recipes > Grilling; Health > Nutrition > Restricted diets"
"Weighty Matters: The Heart and Stroke Foundation Needs International Experts To Tell Them Not to Sell Candy?"	"http://www.weightymatters.ca/2013/11/the-heart-and-stroke-foundation-needs.html"	"en"	""	"200"	"47"	"4.4"	"47"	"6"	"11"	"36"	"0"	"0"	"http://www.healthcheck.org/page/health-check-team"	"So what exactly do"	"the Heart and Stroke Foundation's Health Check Registered Dietitians"	"do for the Foundation if Health Check needs to ask"	""	""	"text"	"false"	"true"	"false"	"false"	"false"	"true"	"true"	""	""	"pagefound"	"2022-09-11 15:23:34"	"2026-09-11 10:13:10"	""	""	"Article > Opinion"	"Health > Nutrition > Restricted diets; Beauty > Weight loss"
"Weighty Matters: 2010 Weighty Matters Report on the Heart and Stroke Foundation"	"http://www.weightymatters.ca/2010/01/2010-weighty-matters-report-on-heart.html"	"en"	""	"200"	"47"	"4.4"	"47"	"0"	"18"	"32"	"0"	"0"	"http://www.healthcheck.org/sites/default/files/editor/HealthCheck_NutrientCriteria_Retail_October09.pdf"	"labeling program that thinks 3-4 nutritional determinants of food are"	"all that matter"	"?"	""	""	"text"	"false"	"true"	"false"	"false"	"false"	"false"	"true"	""	""	"pagefound"	"2021-11-02 22:18:55"	"2026-09-26 18:47:49"	""	""	"Article > Research"	"Health > Health conditions > Obesity; Beauty > Weight loss"
"Weighty Matters: Heart and Stroke dietitian labels Health Check useless."	"http://www.weightymatters.ca/2011/03/heart-and-stroke-dietitian-labels.html"	"en"	""	"200"	"47"	"4.4"	"47"	"1"	"10"	"23"	"0"	"0"	"http://www.healthcheck.org/content/how-can-you-possibly-compare-one-food-another"	"With that in mind, I found"	"a recent post"	"by Katie Jessop, a Heart and Stroke Foundation Health Check"	""	""	"text"	"false"	"true"	"false"	"false"	"false"	"true"	"true"	""	""	"pagefound"	"2013-08-10 06:26:20"	"2026-10-02 13:27:15"	""	""	"Article > Opinion"	"Health > Nutrition > Restricted diets; Beauty > Weight loss; Food"
"Read ""Front-of-Package Nutrition Rating Systems and Symbols: Phase I Report"" at NAP.edu"	"https://www.nationalacademies.org/read/12957/chapter/12"	"en"	""	"200"	"90"	"4.4"	"73635"	"0"	"33"	"44"	"0"	"0"	"http://www.healthcheck.org/page/program-criteria"	"Website:"	"http://www.healthcheck.org/page/program-criteria"	""	""	""	"text"	"false"	"false"	"false"	"false"	"false"	"false"	"true"	""	""	"pagefound"	"2026-01-12 04:17:21"	"2026-09-02 03:02:20"	""	""	"Listing > Product"	"Health > Nutrition > Restricted diets; Science > Biological sciences > Genetics; Jobs and education > Education > Publications; Business > Biotech"
"Weighty Matters: Heart and Stroke's Health Check Pushes Sodium and Calories"	"http://www.weightymatters.ca/2007/05/heart-and-strokes-health-check-pushes.html"	"en"	""	"200"	"47"	"4.4"	"47"	"0"	"11"	"23"	"0"	"0"	"http://www.healthcheck.org/page/grocery-product-licensee-fees"	"costs to buy the rites to a Health Check endoresement"	"click here"	", but to give you a flavour, here are the"	""	""	"text"	"false"	"true"	"false"	"false"	"false"	"false"	"true"	""	""	"pagefound"	"2022-08-12 08:13:38"	"2026-09-26 01:09:33"	""	""	"Article > Research"	"Health > Nutrition > Restricted diets; Beauty > Weight loss; Food > Food"
"Weighty Matters: ""Health Check makes it easier for Ontarians to make healthy choices at Pizzaville"""	"http://www.weightymatters.ca/2010/11/health-check-makes-it-easier-for.html"	"en"	""	"200"	"47"	"4.4"	"47"	"1"	"9"	"20"	"0"	"0"	"https://www.healthcheck.org/content/making-a-difference-one-pizza-a-time"	"in her blog post titled (I kid you not), """	"Making a difference one Pizza at a time"	""", Health Check dietitian Samara"	"http://www.healthcheck.org/content/making-a-difference-one-pizza-a-time"	"301"	"text"	"false"	"true"	"false"	"false"	"false"	"true"	"true"	""	""	"linkrestored"	"2022-05-05 10:21:18"	"2026-09-09 00:25:08"	""	""	"Article > Opinion"	"Health > Nutrition > Restricted diets; Beauty > Weight loss; Food > Recipes > Healthy eating"
"How to Turn Milk Solid: A Devilishly Frustrating Breakfast Prank for April Fool's Day << Practical Jokes & Pranks :: WonderHowTo"	"https://practical-jokes.wonderhowto.com/how-to/turn-milk-solid-devilishly-frustrating-breakfast-prank-for-april-fools-day-0153410/"	"en"	""	"200"	"75"	"4.4"	"37483"	"2"	"19"	"99"	"0"	"0"	"https://www.healthcheck.org/content/dairy-milking-it-what-it%E2%80%99s-worth"	""	"Health Check"	""	""	""	"text"	"false"	"false"	"false"	"false"	"false"	"true"	"true"	""	""	"linkrestored"	"2022-03-28 12:21:50"	"2026-09-18 00:07:04"	""	"Karen Ahn"	"Article > How-to"	"Food > Recipes > Desserts; Leisure > Special occasions > Seasonal events; Entertainment > Humor > Satire; Reference > General reference > Expert content"
"5 healthy fast food swaps | Globalnews.ca"	"https://globalnews.ca/news/657506/5-healthy-fast-food-swaps/"	"en"	"wordpress"	"200"	"89"	"4.4"	"2601134"	"0"	"15"	"24"	"0"	"0"	"http://www.healthcheck.org/node/11157"	"to fast food have difficult choices to make, registered dietician"	"Carol Dombrow"	"told Global News. She’s been a dietician with the Heart"	""	""	"text"	"false"	"true"	"false"	"false"	"false"	"false"	"true"	""	""	"pagefound"	"2020-09-04 09:21:27"	"2026-09-22 18:18:18"	""	"Carmen Chai"	"Article > Listicle"	"Food > Food > Natural foods; Health > Nutrition > Restricted diets"
"The Bussey Family: September 2007"	"http://www.thebusseyfamily.ca/2007/09/"	"en"	""	"200"	"0"	"4.4"	"0"	"0"	"30"	"85"	"0"	"0"	"http://www.healthcheck.org/images/index_logo.jpg"	""	""	""	""	""	"image"	"false"	"true"	"false"	"false"	"false"	"false"	"true"	""	""	"pagefound"	"2017-04-15 07:26:12"	"2026-09-18 19:49:19"	""	""	"Article > Story"	"Shopping > Consumer > Discount; Autos > Vehicle services > Accessories; Leisure > Organizations > Resources; Society; Communities"
"Read ""Front-of-Package Nutrition Rating Systems and Symbols: Phase I Report"" at NAP.edu"	"https://www.nationalacademies.org/read/12957/chapter/5"	"en"	""	"200"	"90"	"4.4"	"73635"	"0"	"18"	"28"	"0"	"0"	"http://www.healthcheck.org/page/what-health-check"	"Available online:"	"http://www.healthcheck.org/page/what-health-check"	"(accessed June 15, 2010)."	""	""	"text"	"false"	"false"	"false"	"false"	"false"	"false"	"true"	""	""	"pagefound"	"2026-01-12 04:16:50"	"2026-09-02 04:17:13"	""	""	"Article > Research"	"Health > Public health > Health policy; Food > Food > Natural foods; Business; Government > Government > Public policy"
"incomeXchange.com - A guide to Canada's best deals and contests"	"https://incomexchange.com/archive2K11.htm"	"en"	""	"200"	"0"	"4.4"	"3"	"0"	"1239"	"5853"	"0"	"0"	"http://www.healthcheck.org/backtoschool/home"	"Enter to"	"win one of ten $1,000 grocery gift cards"	"from HealthCheck.org."	""	""	"text"	"false"	"true"	"false"	"false"	"false"	"false"	"true"	""	""	"pagefound"	"2025-01-18 12:33:06"	"2026-09-24 02:36:12"	""	""	"Listing collection > Article"	"Shopping > Consumer > Discount; Computers and electronics > Consumer electronics > Portable electronics; Business; Internet"
"Weighty Matters: Health Check's ""trans-fat free"" = 5% trans fat!"	"http://www.weightymatters.ca/2009/12/health-checks-trans-fat-free-5-trans.html"	"en"	""	"200"	"47"	"4.4"	"47"	"0"	"13"	"24"	"0"	"0"	"https://www.healthcheck.org/story/health-check-drives-away-salt"	"Check"	"this"	"out - here a quote from a Health Check promotion,"	"http://www.healthcheck.org/story/health-check-drives-away-salt"	"308"	"text"	"false"	"true"	"false"	"false"	"false"	"false"	"true"	""	""	"linkrestored"	"2022-06-02 02:52:44"	"2026-09-27 21:20:26"	""	""	"Article > Guide"	"Health > Nutrition > Restricted diets; Beauty > Weight loss; Food > Food > Natural foods"
"Weighty Matters: Heart and Stroke's heart-on for refined white flour, ground beef and salt"	"http://www.weightymatters.ca/2007/08/heart-and-strokes-heart-on-for-refined.html"	"en"	""	"200"	"47"	"4.4"	"47"	"0"	"11"	"21"	"0"	"0"	"http://www.healthcheck.org/page/grocery-product-licensee-fees"	"all they paid the Heart and Stroke Foundation's Health Check"	"good money"	"to apparently sell out."	""	""	"text"	"false"	"true"	"false"	"false"	"false"	"false"	"true"	""	""	"pagefound"	"2021-08-22 15:20:45"	"2026-09-26 21:34:31"	""	""	"Article > Opinion"	"Health > Nutrition > Restricted diets; Beauty > Weight loss; Food > Food > Natural foods"
"Eating healthier, staying awake longer – Life @ U of T"	"http://blogs.studentlife.utoronto.ca/lifeatuoft/2010/03/01/eating-healthier/"	"en"	"wordpress"	"200"	"90"	"4.4"	"1696785"	"0"	"29"	"59"	"0"	"0"	"https://www.healthcheck.org/"	"canned stuff together. I buy the low-fat kind with the"	"Health Check"	"label. Salad dressings: They can range from as low as"	"http://www.healthcheck.org/"	"301"	"text"	"false"	"true"	"false"	"false"	"false"	"false"	"true"	""	""	"linkrestored"	"2023-06-14 16:08:43"	"2026-08-17 15:06:58"	""	""	"Article > Opinion"	"Health > Nutrition > Restricted diets; Food > Recipes > Healthy eating; Society > Motivational"
"Weighty Matters: The Heart and Stroke Foundation Owes Canadians an Apology and Action"	"http://www.weightymatters.ca/2013/10/the-heart-and-stroke-foundation-owes.html"	"en"	""	"200"	"47"	"4.4"	"47"	"2"	"11"	"31"	"0"	"0"	"https://www.healthcheck.org/page/helping-you-eat-well"	"And according to"	"Health Check's About Us page"	","	"http://www.healthcheck.org/page/helping-you-eat-well"	"301"	"text"	"false"	"true"	"false"	"false"	"false"	"true"	"true"	""	""	"linkrestored"	"2021-11-11 19:19:39"	"2026-09-09 00:19:49"	""	""	"Article > Opinion"	"Health > Nutrition > Restricted diets; Beauty > Weight loss; Food > Food > Natural foods"
"Super Bowl 2015: 5 healthy swaps to your favourite dishes - National | Globalnews.ca"	"https://globalnews.ca/news/1803437/super-bowl-2015-5-healthy-swaps-to-your-favourite-dishes/"	"en"	"wordpress"	"200"	"89"	"4.4"	"2601134"	"0"	"12"	"21"	"0"	"0"	"http://www.healthcheck.org/content/confessions-former-football-wife"	"Global News spoke with registered dietitian"	"Samara Foisy"	", whose husband is a former Canadian Football League player."	""	""	"text"	"false"	"true"	"false"	"false"	"false"	"false"	"true"	""	""	"pagefound"	"2020-08-07 13:46:31"	"2026-09-27 19:38:25"	""	"Carmen Chai"	"Article > Listicle"	"Food > Recipes > Healthy eating; Health > Nutrition > Restricted diets"
"Weighty Matters: Heart and Stroke's Health Check Pushes Sodium and Calories"	"http://www.weightymatters.ca/2007/05/heart-and-strokes-health-check-pushes.html"	"en"	""	"200"	"47"	"4.4"	"47"	"0"	"11"	"23"	"0"	"0"	"https://www.healthcheck.org/page/grocery-product-licensee-fees"	"costs to buy the rites to a Health Check endoresement"	"click here"	", but to give you a flavour, here are the"	"http://www.healthcheck.org/page/grocery-product-licensee-fees"	"301"	"text"	"false"	"true"	"false"	"false"	"false"	"false"	"true"	""	""	"linkrestored"	"2023-07-27 16:01:14"	"2026-09-26 01:09:33"	""	""	"Article > Research"	"Health > Nutrition > Restricted diets; Beauty > Weight loss; Food > Food"
"Health Check approval misleading consumers, Canadian doctor alleges - National | Globalnews.ca"	"https://globalnews.ca/news/314085/health-check-approval-misleading-consumers-canadian-doctor-alleges/"	"en"	"wordpress"	"200"	"89"	"4.4"	"2601134"	"8"	"18"	"41"	"0"	"0"	"https://www.healthcheck.org/page/restaurant-overview"	"Take a look at the Health Check’s vast"	"list"	"of approved foods."	"http://www.healthcheck.org/page/restaurant-overview"	"301"	"text"	"false"	"true"	"false"	"false"	"false"	"true"	"true"	""	""	"linkrestored"	"2021-05-12 14:15:01"	"2026-09-22 21:39:05"	""	"Carmen Chai"	"Article > News"	"Health > Nutrition > Restricted diets; Food > Food > Natural foods; Government > Government > Public policy; Society > Advocacy; Business"
"Weighty Matters: BREAKING: Heart and Stroke Foundation Disbanding their Health Check Program"	"http://www.weightymatters.ca/2014/06/breaking-heart-and-stroke-foundation.html"	"en"	""	"200"	"47"	"4.4"	"47"	"2"	"9"	"20"	"0"	"0"	"http://www.healthcheck.org/story/health-check-exit"	""	"Here is their formal announcement."	""	""	""	"text"	"false"	"true"	"false"	"false"	"false"	"true"	"true"	""	""	"pagefound"	"2022-08-09 03:34:09"	"2026-09-04 10:34:28"	""	""	"Article > Opinion"	"Health > Nutrition > Restricted diets; Beauty > Weight loss"
"Weighty Matters: Burger King Cares More About Kids' Meals Than The Heart and Stroke Foundation"	"http://www.weightymatters.ca/2013/12/burger-king-cares-more-about-kids-meals.html"	"en"	""	"200"	"47"	"4.4"	"47"	"0"	"11"	"19"	"0"	"0"	"http://www.healthcheck.org/sites/default/files/mmallet/HC13_NutrientCriteria_foodservice_%20october%202013_English.pdf"	"What does"	"Health Check have to say"	"about restaurant kids' meals?"	""	""	"text"	"false"	"true"	"false"	"false"	"false"	"false"	"true"	""	""	"pagefound"	"2022-07-23 21:33:53"	"2026-09-26 18:33:07"	""	""	"Article > Opinion"	"Health > Nutrition > Restricted diets; Food > Food; Beauty > Weight loss"
"Health Check approval misleading consumers, Canadian doctor alleges - National | Globalnews.ca"	"https://globalnews.ca/news/314085/health-check-approval-misleading-consumers-canadian-doctor-alleges/"	"en"	"wordpress"	"200"	"89"	"4.4"	"2601134"	"8"	"18"	"41"	"0"	"0"	"http://www.healthcheck.org/page/program-criteria-3"	"Take a look at the comprehensive Health Check criteria"	"here"	"."	""	""	"text"	"false"	"true"	"false"	"false"	"false"	"true"	"true"	""	""	"pagefound"	"2020-08-10 18:17:59"	"2026-09-22 21:39:05"	""	"Carmen Chai"	"Article > News"	"Health > Nutrition > Restricted diets; Food > Food > Natural foods; Government > Government > Public policy; Society > Advocacy; Business"
"Children’s meals with a side of healthy - Restobiz"	"https://www.restobiz.ca/children%E2%80%99s-meals-with-a-side-of-healthy/"	"en"	"wordpress"	"200"	"55"	"4.4"	"890"	"0"	"9"	"15"	"0"	"0"	"http://www.healthcheck.org/restaurant-kids-menu"	"buds, while earning a nod of approval from nutrition-conscious parents."	"Click here"	"to view restaurants that have children’s menu items in the"	""	""	"text"	"false"	"true"	"false"	"false"	"false"	"false"	"true"	""	""	"linkrestored"	"2023-03-04 06:47:29"	"2026-09-27 10:14:55"	""	""	"Article > Guide"	"Food > Recipes > Healthy eating; Health > Nutrition > Restricted diets; Society > Relationships > Family > Parenting > Toddlers > Playroom"
"Weighty Matters: ""Making a difference one pizza at a time"""	"http://www.weightymatters.ca/2010/11/making-difference-one-pizza-at-time.html"	"en"	""	"200"	"47"	"4.4"	"47"	"0"	"9"	"19"	"0"	"0"	"https://www.healthcheck.org/content/making-a-difference-one-pizza-a-time"	"That's the title of Heart and Stroke Foundation Dietitian"	"Samara Foisy"	"'s blog post on why she's thrilled to have had"	"http://www.healthcheck.org/content/making-a-difference-one-pizza-a-time"	"301"	"text"	"false"	"true"	"false"	"false"	"false"	"false"	"true"	""	""	"linkrestored"	"2021-04-28 13:24:30"	"2026-09-25 17:11:01"	""	""	"Article > Opinion"	"Health > Nutrition > Restricted diets; Beauty > Weight loss; Food > Recipes"
"Weighty Matters: The McHealth Check? The Heart and Stroke Foundation heads to McDonald's!"	"http://www.weightymatters.ca/2010/02/mchealth-check-heart-and-stroke.html"	"en"	""	"200"	"47"	"4.4"	"47"	"1"	"10"	"20"	"0"	"0"	"http://www.healthcheck.org/sites/default/files/admin/HealthCheck_Nutrient%20criteria_foodservice_2009.pdf"	"fast casual restaurants like Boston Pizza to entrees that have"	"up to 960mg"	"of sodium (and that's the new"	""	""	"text"	"false"	"true"	"false"	"false"	"false"	"true"	"true"	""	""	"pagefound"	"2021-10-28 16:15:41"	"2026-09-08 21:18:17"	""	""	"Article > Opinion"	"Health > Nutrition > Restricted diets; Beauty > Weight loss; Food > Food"
"Health Check approval misleading consumers, Canadian doctor alleges - National | Globalnews.ca"	"https://globalnews.ca/news/314085/health-check-approval-misleading-consumers-canadian-doctor-alleges/"	"en"	"wordpress"	"200"	"89"	"4.4"	"2601134"	"8"	"18"	"41"	"0"	"0"	"http://www.healthcheck.org/"	"Read more about Health Check on its official website"	"here"	"."	""	""	"text"	"false"	"true"	"false"	"false"	"false"	"true"	"true"	""	""	"pagefound"	"2020-08-10 18:17:59"	"2026-09-22 21:39:05"	""	"Carmen Chai"	"Article > News"	"Health > Nutrition > Restricted diets; Food > Food > Natural foods; Government > Government > Public policy; Society > Advocacy; Business"
"Healthy grilling: 9 tips for healthy summertime barbecuing | Globalnews.ca"	"https://globalnews.ca/news/728426/healthy-grilling-9-tips-for-healthy-summertime-barbecuing/"	"en"	"wordpress"	"200"	"89"	"4.4"	"2601134"	"0"	"12"	"23"	"0"	"0"	"http://www.healthcheck.org/page/samara-foisy-rd-mhsc"	"of groceries, barbecuing can be healthy and tasty, registered dietician"	"Samara Foisy"	", of the Heart and Stroke Foundation’s Health Check program,"	""	""	"text"	"false"	"true"	"false"	"false"	"false"	"false"	"true"	""	""	"pagefound"	"2020-08-04 00:48:23"	"2026-09-24 14:05:18"	""	"Carmen Chai"	"Article > Listicle"	"Food > Recipes > Grilling; Health > Nutrition > Restricted diets"
"Many Canadian kids get a failing grade on breakfast, need a healthier start to the new school year"	"https://www.newswire.ca/news-releases/many-canadian-kids-get-a-failing-grade-on-breakfast-need-a-healthier-start-to-the-new-school-year-510598261.html"	"en"	""	"200"	"87"	"4.4"	"258456"	"0"	"13"	"63"	"0"	"0"	"http://www.healthcheck.org/Timetostartcontest"	"grocery gift cards plus daily prizes. Enter every day!"""	"www.healthcheck.org/Timetostartcontest"	""	""	""	"text"	"false"	"true"	"true"	"false"	"false"	"false"	"true"	""	""	"pagefound"	"2026-03-06 01:50:56"	"2026-09-22 18:58:46"	""	""	"Article > News"	"Health > Nutrition > Restricted diets; Society > Advocacy > Hunger; Jobs and education > Education > Secondary schooling; Food"
"Weighty Matters: Heart and Stroke's Health Check Pushes Sodium and Calories"	"http://www.weightymatters.ca/2007/05/heart-and-strokes-health-check-pushes.html"	"en"	""	"200"	"47"	"4.4"	"47"	"0"	"11"	"23"	"0"	"0"	"http://www.healthcheck.org/sites/default/files/admin/HealthCheck_Nutrient%20criteria_foodservice_2009.pdf"	"you go to the Heart and Stroke Foundation's Health Check's"	"restaurant criteria page"	"you find that it's acceptable to them for ""Large Entrees"""	""	""	"text"	"false"	"true"	"false"	"false"	"false"	"false"	"true"	""	""	"pagefound"	"2022-08-12 08:13:38"	"2026-09-26 01:09:33"	""	""	"Article > Research"	"Health > Nutrition > Restricted diets; Beauty > Weight loss; Food > Food"
"CANADIAN CHILDREN'S FOOD AND BEVERAGE ADVERTISING INITIATIVE"	"https://adstandards.ca/wp-content/uploads/2018/11/CAIUniformNutritionCriteriaWhitePaper-EN-Nov-2018.pdf"	"en"	""	"200"	"72"	"4.4"	"222"	"2"	"17"	"37"	"0"	"0"	"http://www.healthcheck.org/sites/default/files/mmallet/GroceryNutrientCriteria_Sept11.pdf"	"Heart & Stroke Foundation HealthCheckTM Program http://www.healthcheck.org http://www.healthcheck.org/page/nutrient-criteria-grocery"	"http://www.healthcheck.org/sites/default/files/mmallet/GroceryNutrientCriteria_Sept11.pdf"	"Interagency Working Group (IWG) on Food Marketed to Children Added"	""	""	"text"	"false"	"true"	"false"	"false"	"false"	"false"	"true"	""	""	"linkfound"	"2026-09-25 09:03:20"	"2026-09-25 09:03:20"	""	""	"Document > Report"	"Food > Food > Snack foods; Business > Marketing > Brand; Health > Nutrition > Restricted diets"
"Weighty Matters: Heart and Stroke Foundation condemns virtually all Health Check items!"	"http://www.weightymatters.ca/2011/06/heart-and-stroke-foundation-condemns.html"	"en"	""	"200"	"47"	"4.4"	"47"	"0"	"9"	"18"	"0"	"0"	"http://www.healthcheck.org/sites/default/files/pfletcher/Restaurant%20NutrientCriteria_RevNov2010.pdf"	"that's of course, just the grocery store products. For restaurants,"	"none of the 12 categories"	"have maximums set at the level recommended by the Heart"	""	""	"text"	"false"	"true"	"false"	"false"	"false"	"false"	"true"	""	""	"pagefound"	"2022-09-06 14:22:31"	"2026-09-27 05:42:31"	""	""	"Article > Opinion"	"Health > Nutrition > Restricted diets; Beauty > Weight loss; Society > Advocacy; Food"
"Weighty Matters: Seriously, what the hell is wrong with the Heart and Stroke Foundation?"	"http://www.weightymatters.ca/2011/01/seriously-what-hell-is-wrong-with-heart.html"	"en"	""	"200"	"47"	"4.4"	"47"	"0"	"9"	"19"	"0"	"0"	"http://www.healthcheck.org/content/heres-a-challenge-create-a-healthy-pizza-lunch"	"flipping through my various RSS feeds and I came across"	"the latest post"	"on the Heart and Stroke Foundation's Health Check blog. It"	""	""	"text"	"false"	"true"	"false"	"false"	"false"	"false"	"true"	""	""	"pagefound"	"2020-10-06 20:01:10"	"2026-09-25 10:48:03"	""	""	"Article > Opinion"	"Health > Nutrition > Restricted diets; Beauty > Weight loss; Food"
"incomeXchange.com - A guide to Canada's best deals and contests"	"http://incomexchange.com/archive2K11.htm"	"en"	""	"200"	"0"	"4.4"	"3"	"0"	"1236"	"5850"	"0"	"0"	"http://www.healthcheck.org/backtoschool/home"	"Enter to"	"win one of ten $1,000 grocery gift cards"	"from HealthCheck.org."	""	""	"text"	"false"	"true"	"false"	"false"	"false"	"false"	"true"	""	""	"pagefound"	"2025-10-23 19:46:34"	"2026-09-23 00:26:41"	""	""	"Listing collection > Article"	"Shopping > Consumer > Discount; Computers and electronics > Consumer electronics > Portable electronics; Business; Internet"
"Weighty Matters: Canada's Heart and Stroke Foundation Calls Fast Food Burgers Healthy, Nutritious & Good for You"	"http://www.weightymatters.ca/2012/11/canadas-heart-and-stroke-foundation.html"	"en"	""	"200"	"47"	"4.4"	"47"	"4"	"10"	"24"	"0"	"0"	"http://www.healthcheck.org/story/december-15-2004-food-industry-offers-consumers-solution-fight-against-obesity-health-check-pr"	"Health Check program. Here are some facts and figures from"	"a 2004 Heart and Stroke Foundation press release on the Health Check program"	","	""	""	"text"	"false"	"true"	"false"	"false"	"false"	"true"	"true"	""	""	"pagefound"	"2022-03-12 13:16:22"	"2026-09-08 22:26:50"	""	""	"Article > Opinion"	"Health > Nutrition > Restricted diets; Beauty > Weight loss; Food > Food > Natural foods"
"Las 5 cosas más importantes que debe saber sobre la grasa trans"	"https://www.toronto.ca/wp-content/uploads/2017/10/903e-tph-transfat-fs-spa-2009.pdf"	"es"	""	"200"	"87"	"4.4"	"514630"	"0"	"6"	"13"	"0"	"0"	"https://www.healthcheck.org/"	"Para informarse más sobre las etiquetas nutricionales visite www.healthyeatingisinstore.ca o"	"www.healthcheck.org"	""	""	""	"text"	"false"	"true"	"false"	"false"	"false"	"false"	"true"	""	""	"linkfound"	"2026-09-12 08:25:42"	"2026-09-12 08:25:42"	""	"Ciudad de Toronto"	"Article > Listicle"	"Health > Nutrition > Restricted diets; Food > Food > Natural foods; Beauty > Weight loss"
"Weighty Matters: ""Health Check makes it easier for Ontarians to make healthy choices at Pizzaville"""	"http://www.weightymatters.ca/2010/11/health-check-makes-it-easier-for.html"	"en"	""	"200"	"47"	"4.4"	"47"	"1"	"9"	"20"	"0"	"0"	"http://www.healthcheck.org/content/making-a-difference-one-pizza-a-time"	"in her blog post titled (I kid you not), """	"Making a difference one Pizza at a time"	""", Health Check dietitian Samara"	""	""	"text"	"false"	"true"	"false"	"false"	"false"	"true"	"true"	""	""	"pagefound"	"2022-05-05 10:21:18"	"2026-09-09 00:25:08"	""	""	"Article > Opinion"	"Health > Nutrition > Restricted diets; Beauty > Weight loss; Food > Recipes > Healthy eating"
"The Bussey Family: September 2007"	"http://www.thebusseyfamily.ca/2007/09/"	"en"	""	"200"	"0"	"4.4"	"0"	"0"	"30"	"85"	"0"	"0"	"http://www.healthcheck.org/"	"You've heard of the"	"Health Check"	". I think around here we're going to create the"	""	""	"text"	"false"	"true"	"false"	"false"	"false"	"false"	"true"	""	""	"pagefound"	"2017-04-15 07:26:12"	"2026-09-18 19:49:19"	""	""	"Article > Story"	"Shopping > Consumer > Discount; Autos > Vehicle services > Accessories; Leisure > Organizations > Resources; Society; Communities"
"Weighty Matters: Will Doritos soon have a Heart and Stroke Health Check?"	"http://www.weightymatters.ca/2007/05/will-doritos-soon-have-heart-and-stroke.html"	"en"	""	"200"	"47"	"4.4"	"47"	"0"	"9"	"17"	"0"	"0"	"http://www.healthcheck.org/en/join-health-check/nutrient-criteria-grocery.html"	"Looking at the Health Check's"	"criteria"	"for snack food, it turns out that there are only"	""	""	"text"	"false"	"true"	"false"	"false"	"false"	"false"	"true"	""	""	"pagefound"	"2022-07-18 20:58:12"	"2026-09-02 22:32:33"	""	""	"Article > Opinion"	"Health > Nutrition > Restricted diets; Beauty > Weight loss"
"Super Bowl 2015: 5 healthy swaps to your favourite dishes - National | Globalnews.ca"	"https://globalnews.ca/news/1803437/super-bowl-2015-5-healthy-swaps-to-your-favourite-dishes/"	"en"	"wordpress"	"200"	"89"	"4.4"	"2601134"	"0"	"12"	"21"	"0"	"0"	"https://www.healthcheck.org/content/confessions-former-football-wife"	"Global News spoke with registered dietitian"	"Samara Foisy"	", whose husband is a former Canadian Football League player."	"http://www.healthcheck.org/content/confessions-former-football-wife"	"301"	"text"	"false"	"true"	"false"	"false"	"false"	"false"	"true"	""	""	"linkfound"	"2026-05-02 23:31:26"	"2026-09-27 19:38:25"	""	"Carmen Chai"	"Article > Listicle"	"Food > Recipes > Healthy eating; Health > Nutrition > Restricted diets"
"Weighty Matters: Heart and Stroke Foundation condemns virtually all Health Check items!"	"http://www.weightymatters.ca/2011/06/heart-and-stroke-foundation-condemns.html"	"en"	""	"200"	"47"	"4.4"	"47"	"0"	"9"	"18"	"0"	"0"	"http://www.healthcheck.org/sites/default/files/pfletcher/Grocery%20Nutrient%20Criteria%20pdf_Jan11.pdf"	"Looking at the"	"56 food categories"	"where Health Check specifies sodium limits, only 9 are less"	""	""	"text"	"false"	"true"	"false"	"false"	"false"	"false"	"true"	""	""	"pagefound"	"2022-09-06 14:22:31"	"2026-09-27 05:42:31"	""	""	"Article > Opinion"	"Health > Nutrition > Restricted diets; Beauty > Weight loss; Society > Advocacy; Food"
"Breakfast: Don’t Leave Home Without It! - Sweet Potato Chronicles"	"https://sweetpotatochronicles.com/2011/04/breakfast-dont-leave-home-without-it/"	"en"	"wordpress"	"200"	"37"	"4.4"	"1673"	"0"	"7"	"17"	"0"	"0"	"http://www.healthcheck.org/"	"By Carol Dombrow, Heart and Stroke Foundation registered dietitian,"	"Health Check"	""	""	""	"text"	"false"	"true"	"false"	"false"	"false"	"false"	"true"	""	""	"pagefound"	"2023-09-18 16:55:05"	"2026-09-20 17:11:13"	""	""	"Article > Guide"	"Health > Nutrition > Restricted diets; Food > Recipes > Healthy eating"
"有关反式脂肪的 五 项重点"	"https://www.toronto.ca/wp-content/uploads/2017/10/9005-tph-transfat-fs-chs-2008.pdf"	"zh-cn"	""	"200"	"87"	"4.4"	"514630"	"0"	"5"	"10"	"0"	"0"	"http://www.healthcheck.org/"	""	""	""	""	""	"text"	"false"	"true"	"false"	"false"	"false"	"false"	"true"	""	""	"linkfound"	"2026-09-26 11:11:19"	"2026-09-26 11:11:19"	""	"多伦多市"	"Article > Guide"	"Health > Nutrition > Restricted diets; Food > Food > Natural foods; Beauty > Weight loss"
"ےک (TRANS FAT) یئانکچ اروام ںیزیچ5یک یٹوچ ےہ ترورض یک ےنناج وک پآ ںیہنج ںیم ےراب"	"https://www.toronto.ca/wp-content/uploads/2017/10/97eb-tph-transfat-fs-urd-2009.pdf"	"ur"	""	"200"	"87"	"4.4"	"514630"	"0"	"6"	"8"	"0"	"0"	"http://www.healthcheck.org/"	"پر لیبلوں کے غذائیٹ ہیں۔ میں مثال ہوئی .wwwhealthyeatingisinstorecom. یا"	".wwworg.healthcheck"	"پر جائیں۔"	""	""	"text"	"false"	"true"	"false"	"false"	"false"	"false"	"true"	""	""	"pagefound"	"2026-09-26 11:11:18"	"2026-09-26 11:11:18"	""	"ٹورانٹو شہر"	"Article > How-to"	"Food > Food > Seafood; Health > Nutrition > Restricted diets"
"Cedar Planked Atlantic Salmon Wins Healthy Innovation Award – Cedar Bay Grilling Company"	"https://cedarbaygrilling.com/blogs/news/wins-healthy-innovation-award"	"en"	""	"200"	"23"	"0"	"26"	"0"	"4"	"9"	"0"	"0"	"http://www.healthcheck.org/"	"From"	"www.healthcheck.org"	""	""	""	"text"	"false"	"true"	"false"	"false"	"false"	"false"	"true"	""	""	"linkrestored"	"2020-08-14 20:09:28"	"2026-09-11 21:34:33"	""	"Douglas Park"	"Article > News"	"Food > Food > Seafood; Business > Hospitality industry > Food; Health > Nutrition > Restricted diets"
"Thanksgiving dinner: 9 tips for healthy holiday eating | Globalnews.ca"	"https://cbcmoney.live/news/894944/thanksgiving-dinner-9-tips-for-healthy-holiday-eating/"	"en"	"wordpress"	"200"	"0"	"0"	"0"	"0"	"15"	"25"	"0"	"0"	"http://www.healthcheck.org/node/11157"	"Regan and"	"Carol Dombrow"	", a registered dietician with over 25 years of experience"	""	""	"text"	"false"	"true"	"false"	"false"	"false"	"false"	"true"	""	""	"linkfound"	"2026-07-15 19:48:45"	"2026-07-15 19:48:45"	""	"Carmen Chai"	""	""
"Food Politics by Marion Nestle - Page 514 of 642 -"	"https://www.foodpolitics.com/page/514/"	"en"	"wordpress"	"200"	"69"	"0"	"2300"	"0"	"34"	"79"	"0"	"0"	"http://www.healthcheck.org/story/british-columbia-pizza-huts-get-a-health-check-pizza-hut"	"participation in the program on its website. [Update February 3:"	"Pizza Hut has now announced its participation"	"in the program]"	""	""	"text"	"false"	"true"	"false"	"false"	"false"	"false"	"true"	""	""	"linkfound"	"2026-05-29 23:15:15"	"2026-05-29 23:15:15"	""	""	""	""
"The Best Abdominal Exercises - Active Image"	"http://activeimage.ca/index.php/Newsletter/2006-07-25"	"en"	""	"200"	"0.3"	"0"	"0"	"0"	"5"	"6"	"0"	"0"	"http://www.healthcheck.org/english/documents/33040412_EatOut-FastFood04.25.05.pdf"	""	"http://www.healthcheck.org/english/documents/33040412_EatOut-FastFood04.25.05.pdf"	""	""	""	"text"	"false"	"true"	"true"	"false"	"false"	"false"	"true"	""	""	"pagefound"	"2021-09-22 07:44:38"	"2026-09-23 19:47:50"	""	""	"Article > Listicle"	"Beauty > Fitness > Personal training; Health > Nutrition > Restricted diets"
"新学期　健康食谱募集竞赛　吃出健康-学在加拿大"	"https://www.canadaonline.cn/article/2255.html"	"zh-cn"	""	"200"	"26"	"0"	"0"	"0"	"5"	"8"	"0"	"0"	"https://www.healthcheck.org/contest/enter"	"　　主办单位会从十个省份各选出一名优胜者，并可分别获得价值1000元的购物礼品卡、瓶装水及食谱等奖品。欲参加竞赛者，可上网"	"www.healthcheck.org/contest/enter"	"查询活动内容、截止日期或下载参赛作品。"	"http://www.healthcheck.org/contest/enter"	"308"	"text"	"false"	"true"	"false"	"false"	"false"	"false"	"true"	""	""	"linkrestored"	"2024-08-21 05:59:37"	"2026-09-21 09:58:49"	""	""	"Article > News"	"Health > Nutrition > Restricted diets; Food > Recipes > Healthy eating; Jobs and education > Education > Secondary schooling; Society"
"Health Week: Prescribing habits - iPolitics"	"https://www.ipolitics.ca/2014/06/20/health-week-prescribing-habits/"	"en"	"wordpress"	"200"	"72"	"0"	"11209"	"0"	"26"	"38"	"0"	"0"	"http://www.healthcheck.org/story/health-check-exit"	"media, and online. Because of this changing landscape, Health Check is"	"no longer the right program for the time"	".”"	""	""	"text"	"false"	"true"	"false"	"false"	"false"	"false"	"true"	""	""	"pagefound"	"2026-04-10 09:28:49"	"2026-10-02 13:52:40"	""	"Wayne Kondro"	"Article > News"	"Health > Substance abuse > Alcohol treatment; Government > Government > Public policy"
"Analyse sommaire d'initiatives favorables à l'amélioration de l'environnement alimentaire des restaurants"	"https://www.inspq.qc.ca/sites/default/files/publications/1023_analinitiativesameliorationenvironnrestau.pdf"	"fr"	""	"200"	"79"	"0"	"113390"	"0"	"40"	"85"	"0"	"0"	"http://www.healthcheck.org/fr/page/restaurant-overview"	"Fondation des maladies du coeur [En ligne]"	"http://www.healthcheck.org/fr/page/restaurant-overview"	", consulté le 3 août 2008."	""	""	"text"	"false"	"true"	"false"	"false"	"false"	"false"	"true"	""	""	"linkfound"	"2026-09-12 08:29:19"	"2026-09-12 08:29:19"	""	""	"Document > Report"	"Business > Hospitality industry > Food; Food > Restaurants > Reservations; Science > Environment > Global warming; Society > Advocacy > Environmental issues; Health"
"New Divine.ca Review Squad-Post Grape Nuts Cereal"	"https://forum.smartcanucks.ca/130580-new-divine-ca-review-squad-post-grape-nuts-cereal-canada/"	"en"	"message-boards"	"200"	"48"	"0"	"376913"	"0"	"23"	"37"	"0"	"0"	"http://www.healthcheck.org/"	"of the daily recommended intake. Plus, it qualified for the"	"Heart and Stroke Foundations Health CheckTM Program"	", so you know that youre making a smart, nutritious"	""	""	"text"	"false"	"true"	"false"	"false"	"false"	"false"	"true"	""	""	"pagefound"	"2026-05-11 17:31:14"	"2026-10-01 09:35:12"	""	""	"User content > Forum"	"Food > Food > Pasta; Shopping > Consumer > Price comparisons; Health > Nutrition > Restricted diets"
"The Fate of Front-of-Pack Labeling That Actually Works | HuffPost Life"	"https://www.huffpost.com/entry/diet-and-nutrition_b_5536946"	"en"	""	"200"	"92"	"0"	"2610405"	"0"	"36"	"72"	"0"	"0"	"http://www.healthcheck.org/"	"Before saying anything more about the"	"Health Check Program"	", or any other nutrient profiling system, I hasten to"	""	""	"text"	"false"	"true"	"true"	"false"	"false"	"false"	"true"	""	""	"pagefound"	"2026-05-12 13:30:46"	"2026-09-09 14:31:57"	""	"David L. Katz"	"Article > Opinion"	"Health > Nutrition > Restricted diets; Food > Recipes > Healthy eating; Society"
"Centre de Pré vention Cardiocasculaire de l‘Ouest de l‘Île"	"http://www.affaki.net/"	"en"	""	"200"	"0"	"0"	"0"	"0"	"19"	"30"	"0"	"0"	"http://www.healthcheck.org/fr/home/home.html"	""	""	""	""	""	"text"	"false"	"false"	"false"	"false"	"false"	"false"	"true"	""	""	"linkrestored"	"2024-12-31 16:57:27"	"2026-10-02 11:37:33"	""	""	"Site page > Home"	"Health > Medical services > Treatment centers; Science > Biological sciences"
"www.Pizzapizza.ca - Pizza Pizza"	"http://urlm.com.br/www.pizzapizza.ca"	"pt"	""	"200"	"11"	"0"	"1494"	"0"	"5"	"10"	"0"	"0"	"https://www.healthcheck.org/"	""	"healthcheck.org"	"Health Check Program"	"http://urlm.com.br/g/u/h/246570, http://www.healthcheck.org/"	"302, 301"	"text"	"false"	"true"	"true"	"false"	"false"	"false"	"true"	""	""	"linkfound"	"2026-07-19 02:45:11"	"2026-07-19 02:45:11"	""	""	""	""
"www.Pizzapizza.ca - Pizza Pizza"	"http://urlm.com.br/www.pizzapizza.ca"	"pt"	""	"200"	"11"	"0"	"1494"	"0"	"5"	"10"	"0"	"0"	"http://www.healthcheck.org/"	""	"healthcheck.org"	"Health Check Program"	"http://urlm.com.br/g/u/h/246570"	"302"	"text"	"false"	"true"	"true"	"false"	"false"	"false"	"true"	""	""	"linkrestored"	"2025-03-02 18:45:35"	"2026-07-19 02:45:11"	""	""	""	""
"www.Thejournaloffranchise.com - Franchise news"	"http://urlm.co/www.thejournaloffranchise.com"	"en"	""	"200"	"34"	"0"	"950"	"0"	"10"	"20"	"0"	"0"	"http://www.healthcheck.org/"	""	"healthcheck.org"	"Heart&Stroke Health Check Program"	"http://urlm.co/g/o/t/233713"	"302"	"text"	"false"	"true"	"true"	"false"	"false"	"false"	"true"	""	""	"linkfound"	"2025-07-05 04:16:29"	"2026-08-17 01:52:43"	""	""	"Listing > Business"	"Business > Business services > Consulting; News > Business news > Company news; Reference > Listings > Business"
"Becel"	"https://gateway.ipfs.cybernode.ai/ipfs/QmXoypizjW3WknFiJnKLwHCnL72vedxjQkDDP1mXWo6uco/wiki/Becel.html"	"en"	""	"200"	"5"	"0"	"0"	"0"	"27"	"52"	"0"	"0"	"https://www.healthcheck.org/product/original-non-hydrogenated-margarine-7-g-foodservice-item"	"Heart and Stroke Foundation."	"""Health Check Symbol and Becel"""	""	"http://www.healthcheck.org/product/original-non-hydrogenated-margarine-7-g-foodservice-item"	"301"	"text"	"false"	"true"	"false"	"false"	"false"	"false"	"true"	""	""	"linkfound"	"2026-06-13 12:43:42"	"2026-06-13 12:43:42"	""	""	""	""
"Centre de Pré vention Cardiocasculaire de l‘Ouest de l‘Île"	"http://affaki.net/"	"en"	""	"200"	"0"	"0"	"0"	"0"	"19"	"32"	"0"	"0"	"https://www.healthcheck.org/"	""	""	""	"http://www.healthcheck.org/en/home/home.html, http://www.stronghealth.com/en/home/home.html"	"301, 301"	"text"	"false"	"false"	"false"	"false"	"false"	"false"	"true"	""	""	"linkrestored"	"2023-06-15 09:45:33"	"2026-10-01 03:46:41"	""	""	"Site page > Home"	"Health > Medical services > Treatment centers; Science > Biological sciences"
"Health Check"	"https://olps.co.za/kiwix/content/wikipedia_en_all_maxi_2024-01/A/Health_Check"	"en"	""	"200"	"5"	"0"	"42"	"0"	"8"	"25"	"0"	"0"	"http://www.healthcheck.org/faq"	""	"FAQ | Heart & Stroke Health Check Program"	""	""	""	"text"	"false"	"true"	"false"	"false"	"false"	"false"	"true"	""	""	"pagefound"	"2026-09-16 04:39:16"	"2026-09-16 04:39:16"	""	""	"Article > Wiki"	"Health > Nutrition > Restricted diets; Food > Food > Natural foods; Business"
"HealthCheck-Win a Schwinn Bicycle!/Dec31, 2009"	"https://forum.smartcanucks.ca/64059-healthcheck-win-schwinn-bicycle-dec31-2009-a-canada/"	"en"	"message-boards"	"200"	"48"	"0"	"376913"	"0"	"20"	"34"	"0"	"0"	"http://www.healthcheck.org/"	"Living Calendar Sweepstakes. For more great healthy living tips, visit"	"healthcheck.org"	""	""	""	"text"	"false"	"true"	"false"	"false"	"false"	"false"	"true"	""	""	"pagefound"	"2026-05-24 08:14:37"	"2026-09-19 19:18:18"	""	""	"User content > Forum"	"Autos > Bicycles > Bike accessories; Shopping > Consumer > Discount; Sports > Individual sports > Cycling; Health; Communities"
"Weighty Matters: The Food Industry Delivers the Most Damning Indictment of Health Check Yet"	"http://www.weightymatters.ca/2008/11/food-industry-delivers-most-damning.html"	"en"	""	"200"	"47"	"0"	"47"	"0"	"11"	"25"	"0"	"0"	"http://www.healthcheck.org/page/technical-advisors-3"	"that the Heart and Stroke Foundation's dietitians and Health Check's"	"Technical Advisory Committee"	"have to offer, perhaps it's time to hire some new"	""	""	"text"	"false"	"true"	"false"	"false"	"false"	"false"	"true"	""	""	"pagefound"	"2022-07-11 09:00:21"	"2026-10-02 12:57:22"	""	""	"Article > Opinion"	"Beauty > Weight loss; Health > Nutrition > Restricted diets; Food; Business"
"www.Shreddedwheat.ca - Post Shredded Wheat Cereal"	"http://urlm.co/www.shreddedwheat.ca"	"en"	""	"200"	"34"	"0"	"950"	"0"	"5"	"8"	"0"	"0"	"http://www.healthcheck.org/"	""	"healthcheck.org"	"Heart&Stroke Health Check Program"	"http://urlm.co/g/o/s/241179"	"302"	"text"	"false"	"true"	"true"	"false"	"false"	"false"	"true"	""	""	"linkfound"	"2025-06-25 03:10:32"	"2026-06-01 10:46:55"	""	""	""	""
"www.Darefoods.com - Dare Foods"	"http://urlm.com.br/www.darefoods.com"	"pt"	""	"200"	"11"	"0"	"1494"	"0"	"3"	"5"	"0"	"0"	"https://www.healthcheck.org/"	""	"healthcheck.org"	"Health Check Program"	"http://urlm.com.br/g/u/h/246570, http://www.healthcheck.org/"	"302, 301"	"text"	"false"	"true"	"true"	"false"	"false"	"false"	"true"	""	""	"linkfound"	"2026-07-16 08:51:10"	"2026-07-16 08:51:10"	""	""	""	""
"www.Healthcheck.org - Health Check Program"	"http://urlm.com.br/www.healthcheck.org"	"pt"	""	"200"	"11"	"0"	"1494"	"0"	"2"	"3"	"0"	"0"	"https://www.healthcheck.org/"	""	"Entrar no site"	""	"http://www.healthcheck.org/"	"301"	"text"	"false"	"false"	"true"	"false"	"false"	"false"	"true"	""	""	"linkfound"	"2026-05-20 14:47:24"	"2026-05-20 14:47:24"	""	""	""	""
"Weighty Matters: Updates on Health Check"	"http://www.weightymatters.ca/2008/02/updates-on-health-check.html"	"en"	""	"200"	"47"	"0"	"47"	"0"	"13"	"27"	"0"	"0"	"http://www.healthcheck.org/faq"	"changes with Health Check, but unfortunately only with their website's"	"FAQ section"	"which seems to be growing on an almost daily basis."	""	""	"text"	"false"	"true"	"false"	"false"	"false"	"false"	"true"	""	""	"pagefound"	"2022-08-09 17:11:00"	"2026-10-02 11:48:58"	""	""	"Article > News"	"Health > Nutrition > Restricted diets; Beauty > Weight loss"
"فحص صحي"	"https://areq.net/m/%D9%81%D8%AD%D8%B5_%D8%B5%D8%AD%D9%8A.html"	""	""	"200"	"37"	"0"	"49352"	"0"	"5"	"17"	"0"	"0"	"http://www.healthcheck.org/page/nutrient-criteria-grocery-0"	"""Healthcheck.org"" .www.healthcheck.org. مؤرشف من"	"الأصل"	"في 9 مارس 2012"	""	""	"text"	"false"	"false"	"true"	"false"	"false"	"false"	"true"	""	""	"pagefound"	"2023-12-02 13:33:37"	"2026-09-12 19:30:19"	""	""	""	""
"Health Check"	"https://a.osmarks.net/content/wikipedia_en_all_maxi_2020-08/A/Health_Check"	"en"	""	"200"	"37"	"0"	"6461"	"0"	"9"	"26"	"0"	"0"	"https://www.healthcheck.org/page/helping-you-eat-well"	""	"Helping You Eat Well | Heart&Stroke Health Check Program"	""	"http://www.healthcheck.org/page/helping-you-eat-well"	"301"	"text"	"false"	"true"	"false"	"false"	"false"	"false"	"true"	""	""	"pagefound"	"2026-08-03 12:11:44"	"2026-08-03 12:11:44"	""	""	""	""
"Healthy grilling: 9 tips for healthy summertime barbecuing | Globalnews.ca"	"https://cbcmoney.live/news/728426/healthy-grilling-9-tips-for-healthy-summertime-barbecuing/"	"en"	"wordpress"	"200"	"0"	"0"	"0"	"0"	"12"	"23"	"0"	"0"	"https://www.healthcheck.org/"	"dietician Samara Foisy , of the Heart and Stroke Foundation’s"	"Health Check"	"program, said."	"http://www.healthcheck.org/"	"301"	"text"	"false"	"true"	"false"	"false"	"false"	"false"	"true"	""	""	"linkfound"	"2026-07-21 19:04:39"	"2026-07-21 19:04:39"	""	"Carmen Chai"	""	""
"Provence at Valencia Apartments - Valencia, CA - The Skinny on Fats: 5 Facts You Need to Know"	"http://blog.respage.com/provence-at-valencia-apartments/2014/12/18/the-skinny-on-fats-5-facts-you-need-to-know/"	"en"	"wordpress"	"200"	"52"	"0"	"897"	"0"	"11"	"22"	"0"	"0"	"http://www.healthcheck.org/page/different-types-fat"	""	"Different Types of Fat"	"[Health Check]"	""	""	"text"	"false"	"true"	"false"	"false"	"false"	"false"	"true"	""	""	"pagefound"	"2025-03-28 09:51:10"	"2026-05-24 03:25:25"	""	""	""	""
"Corazón y fundación de golpe de Canadá • es.knowledger.de"	"http://es.knowledger.de/0807301/HeartAndStrokeFoundationOfCanada"	"es"	""	"200"	"15"	"0"	"0"	"0"	"6"	"8"	"0"	"0"	"http://www.healthcheck.org/"	""	"http://www .healthcheck.org /"	""	""	""	"text"	"false"	"true"	"false"	"false"	"false"	"false"	"true"	""	""	"pagefound"	"2026-09-28 07:21:59"	"2026-09-28 07:21:59"	""	""	"Article > Wiki"	"Health > Health conditions > Infectious diseases > Covid-19; Society > Advocacy > Philanthropy; Government; Finance > Financial aid"
"Nik Shenoy - Thoughts"	"https://www.oocities.org/nshenoy0424@rogers.com/weblog/2003_06_01_thoughts.html"	"en"	""	"200"	"74"	"0"	"23156"	"0"	"29"	"59"	"0"	"0"	"http://www.healthcheck.org/"	"Both of these products sport the"	"Health Check"	"logo, so you can take some comfort that you're doing"	""	""	"text"	"false"	"true"	"false"	"false"	"false"	"false"	"true"	""	""	"linkfound"	"2026-09-29 10:49:41"	"2026-09-29 10:49:41"	""	""	"Article > Opinion"	"Games > Board games > Wargaming; Entertainment > Performing arts > Theater; Books > Writers; Communities > Personal sites"
"Domain-Verkaufsübersicht vom 17.09.2018 – Domainhandel, Domainanalysen und Domainblog aus dem Isartal"	"https://isardomains.com/taeglicher-aftermarktreport-2018-09-17/"	"de"	"wordpress"	"200"	"52"	"0"	"0"	"0"	"178"	"705"	"0"	"0"	"http://www.healthcheck.org/"	""	"Domain Healthcheck.org aufrufen"	""	""	""	"text"	"false"	"true"	"false"	"false"	"false"	"false"	"true"	""	""	"pagefound"	"2024-01-13 20:21:27"	"2026-09-29 22:13:29"	""	""	"Article > Research"	"Business > Business services; Shopping > Auctions"
"Owner Details for (949) 305-3381 Revealed | Zabasearch"	"https://www.zabasearch.com/phone/9493053381/"	"en"	""	"200"	"59"	"0"	"44023"	"0"	"10"	"49"	"0"	"0"	"http://www.healthcheck.org/blogs/jweinfeld"	""	"healthcheck.org"	""	""	""	"text"	"false"	"false"	"false"	"false"	"false"	"false"	"true"	""	""	"linkfound"	"2026-06-27 13:30:04"	"2026-06-27 13:30:04"	""	""	""	""
"Ten things you didn't know about fat - NZ Herald"	"https://www.nzherald.co.nz/lifestyle/ten-things-you-didnt-know-about-fat/2GLMUKINWUD4GQ3JWIBAUM5QUQ/"	"en"	""	"200"	"88"	"0"	"2249190"	"0"	"44"	"103"	"0"	"0"	"https://www.healthcheck.org/page/different-types-fat"	"There are"	"four main types"	"of fats in our foods: polyunsaturated, monounsaturated, saturated and transfats."	"http://www.healthcheck.org/page/different-types-fat"	"308"	"text"	"false"	"false"	"false"	"false"	"false"	"false"	"true"	""	""	"linkrestored"	"2021-04-13 21:47:54"	"2026-09-30 13:53:36"	""	"Tom Sanders"	"Article > Listicle"	"Food > Food > Vegetables; Health > Nutrition > Restricted diets"
"Weighty Matters: Heart and Stroke Bashes Health Check on their own."	"http://www.weightymatters.ca/2008/01/heart-and-stroke-bashes-health-check-on.html"	"en"	""	"200"	"47"	"0"	"47"	"0"	"8"	"17"	"0"	"0"	"http://www.healthcheck.org/images/pdf/HSFSobeysBooklet_P8%20Nutrition%20Information.pdf"	"website there's a sidebar linked to a PDF entitled, """	"A food label can tell you alot!"	"""."	""	""	"text"	"false"	"true"	"false"	"false"	"false"	"false"	"true"	""	""	"pagefound"	"2013-08-09 12:56:35"	"2026-09-27 02:28:05"	""	""	"Article > Research"	"Health > Nutrition > Restricted diets; Beauty > Weight loss; Food > Food"
"www.Healthcheck.org - Heart&Stroke Health Check Program"	"http://ca.urlm.com/www.healthcheck.org"	"en"	""	"200"	"25"	"0"	"19183"	"0"	"6"	"6"	"0"	"0"	"http://www.healthcheck.org/"	""	"Go to website"	""	""	""	"text"	"false"	"false"	"true"	"false"	"false"	"false"	"true"	""	""	"linkfound"	"2026-05-15 20:15:57"	"2026-08-13 20:15:38"	""	""	"Listing > Business"	"Health > Nutrition > Restricted diets; Food"
"Montreal Directory Quebec Canada Directroy and Greater Montreal Area Montreal business listings and yellow pages- Health > Page 2"	"https://mail.gmawebdirectory.com/health/?s=H&p=13"	"en"	""	"200"	"54"	"0"	"0"	"0"	"14"	"23"	"0"	"0"	"https://www.healthcheck.org/"	""	"Health Check"	""	"http://www.healthcheck.org/"	"301"	"text"	"false"	"true"	"false"	"false"	"false"	"false"	"true"	""	""	"linkfound"	"2026-04-21 01:04:50"	"2026-04-21 01:04:50"	""	""	""	""
"Heart & Stroke Health Check ""Meal Time Makeover"" 10winners *join program"	"https://forum.smartcanucks.ca/180281-heart-stroke-health-check-meal-time-makeover-10winners-join-program-canada/"	"en"	"message-boards"	"200"	"48"	"0"	"376913"	"0"	"20"	"40"	"0"	"0"	"https://www.healthcheck.org/contest/prizes-weekly"	""	"http://www.healthcheck.org/contest/prizes-weekly"	""	"http://www.healthcheck.org/contest/prizes-weekly"	"308"	"text"	"false"	"true"	"false"	"false"	"false"	"false"	"true"	""	""	"linkfound"	"2026-10-02 06:19:36"	"2026-10-02 06:19:36"	""	""	"User content > Forum"	"Health > Nutrition > Restricted diets; Food > Recipes; Shopping > Consumer > Discount; Society"
"Health Check"	"https://kiwix.enszfarms.org/content/wikipedia_en_all_maxi_2025-08/Health_Check"	"en"	""	"200"	"3.5"	"0"	"0"	"0"	"8"	"22"	"0"	"0"	"https://www.healthcheck.org/page/nutrient-criteria-grocery-0"	"| Heart & Stroke; Health Check Program"" .www.healthcheck.org. Archived from"	"the original"	"on 2010-11-15."	"http://www.healthcheck.org/page/nutrient-criteria-grocery-0"	"301"	"text"	"false"	"true"	"true"	"false"	"false"	"false"	"true"	""	""	"pagefound"	"2026-09-11 00:37:18"	"2026-09-11 00:37:18"	""	""	"Article > Wiki"	"Health > Nutrition > Restricted diets; Food > Food > Natural foods; Business"
"incomeXchange.com - A guide to Canada's best deals and contests"	"http://www.incomexchange.com/archive2K12.htm"	"en"	""	"200"	"0"	"0"	"3"	"0"	"973"	"5876"	"0"	"0"	"http://www.healthcheck.org/instylecontest/enter"	"Enter to"	"win a trip to The Heart Truth Fashion Show or one of ten $1,000 grocery gift cards"	"from The Heart & Stroke Foundation."	""	""	"text"	"false"	"true"	"false"	"false"	"false"	"false"	"true"	""	""	"pagefound"	"2025-05-23 12:51:29"	"2026-09-22 21:15:05"	""	""	"Listing collection > Product"	"Shopping > Consumer > Discount; Computers and electronics > Consumer electronics; Leisure > Promotional giveaways; Business"
"Top 10: Some of the worst foods for your heart’s health - National | Globalnews.ca"	"https://cbcmoney.live/news/436462/top-10-some-of-the-worst-foods-for-your-hearts-health/"	"en"	"wordpress"	"200"	"0"	"0"	"0"	"0"	"12"	"20"	"0"	"0"	"https://www.healthcheck.org/node/11157"	"Month in Canada, Global News asked Heart and Stroke dietician"	"Carol Dombrow"	"for her picks for worst foods for your heart’s health."	"http://www.healthcheck.org/node/11157"	"301"	"text"	"false"	"true"	"false"	"false"	"false"	"false"	"true"	""	""	"linkfound"	"2026-07-18 15:50:08"	"2026-07-18 15:50:08"	""	"Carmen Chai"	""	""
"Microsoft Word - REPERTOIRE INTERNET 2009.doc"	"https://www.agrireseau.net/Marketing-Agroalimentaire/documents/4084-fra.pdf"	"fr"	""	"200"	"65"	"0"	"4618"	"0"	"197"	"370"	"0"	"0"	"https://www.healthcheck.org/"	"Fondation des maladies du cœur. Pour en savoir plus :"	"www.healthcheck.org/"	""	""	""	"text"	"false"	"true"	"false"	"false"	"false"	"false"	"true"	""	""	"pagefound"	"2026-09-26 01:15:48"	"2026-09-26 01:15:48"	""	""	"Document > Manual"	"Business > Forestry > Seed; Reference > General reference; Computers and electronics > Software > Business; Finance"
"Heart&Stroke - Eat Well & Win 1 of 10 $1000 grocery gift card (exp. Sept. 9) QC OK - RedFlagDeals.com Forums"	"https://forums.redflagdeals.com/heart-stroke-eat-well-win-1-10-1000-grocery-gift-card-exp-sept-9-qc-ok-1073267/"	"en"	"message-boards"	"200"	"69"	"0"	"998552"	"0"	"13"	"23"	"0"	"0"	"http://www.healthcheck.org/backtoschool/home"	""	"http://www.healthcheck.org/backtoschool/home"	""	""	""	"text"	"false"	"false"	"true"	"false"	"false"	"false"	"true"	""	""	"linkrestored"	"2024-04-07 03:22:43"	"2026-09-08 01:02:27"	""	""	"User content > Forum"	"Food > Food > Snack foods; Shopping > Consumer > Discount; Health > Nutrition"
"Health Check"	"https://olps.co.za/kiwix/content/wikipedia_en_all_maxi_2024-01/A/Health_Check"	"en"	""	"200"	"5"	"0"	"42"	"0"	"8"	"25"	"0"	"0"	"https://www.healthcheck.org/page/helping-you-eat-well"	""	"Helping You Eat Well | Heart & Stroke Health Check Program"	""	"http://www.healthcheck.org/page/helping-you-eat-well"	"301"	"text"	"false"	"true"	"false"	"false"	"false"	"false"	"true"	""	""	"pagefound"	"2026-09-16 04:39:16"	"2026-09-16 04:39:16"	""	""	"Article > Wiki"	"Health > Nutrition > Restricted diets; Food > Food > Natural foods; Business"
"Health Check"	"https://kiwix.enszfarms.org/content/wikipedia_en_all_maxi_2025-08/Health_Check"	"en"	""	"200"	"3.5"	"0"	"0"	"0"	"8"	"22"	"0"	"0"	"http://www.healthcheck.org/page/helping-you-eat-well"	""	"Helping You Eat Well | Heart & Stroke Health Check Program"	""	""	""	"text"	"false"	"true"	"true"	"false"	"false"	"false"	"true"	""	""	"pagefound"	"2026-09-11 00:37:18"	"2026-09-11 00:37:18"	""	""	"Article > Wiki"	"Health > Nutrition > Restricted diets; Food > Food > Natural foods; Business"
"The Heart and Stroke Foundation endorses Harvey's burgers? Really? - Montreal Gazette"	"https://montrealgazette.com/entertainment-life/the-heart-and-stroke-foundation-endorses-harveys-burgers-really/"	"en"	"wordpress"	"200"	"81"	"0"	"159381"	"4"	"14"	"22"	"0"	"0"	"https://www.healthcheck.org/story/harvey%E2%80%99s-launches-four-health-check-items"	"in his Weighty Matters blog . What sparked his anger?"	"The Canadian Heart and Stroke Foundation’s decision to place their Health Check logo on four Harvey’s menu items."	"– veggie, chicken and meat burgers and a chicken salad"	"http://www.healthcheck.org/story/harvey%E2%80%99s-launches-four-health-check-items"	"301"	"text"	"false"	"true"	"false"	"false"	"false"	"false"	"true"	""	""	"pagefound"	"2026-04-13 06:54:18"	"2026-09-14 10:18:06"	""	"Montreal Gazette"	"Article > News"	"Health > Nutrition > Restricted diets; Food > Restaurants > Fast food; Business; News"
"Health Check - Go1Fit"	"https://www.go1fit.com/listings/health-check/"	"en"	"ecommerce, wordpress"	"200"	"0.1"	"0"	"19"	"0"	"3"	"3"	"0"	"0"	"http://www.healthcheck.org/"	""	"www.healthcheck.org"	""	""	""	"text"	"false"	"false"	"true"	"false"	"false"	"false"	"true"	""	""	"pagefound"	"2026-05-12 00:19:58"	"2026-09-25 20:40:46"	""	""	"Listing > Business"	"Health > Medical services > Doctors' offices; Business > Business services > Consulting; Communities"
"5 tips to help make healthy eating decisions while on vacation | Globalnews.ca"	"https://globalnews.ca/news/733060/5-tips-to-help-make-healthy-eating-decisions-while-on-vacation/"	"en"	"wordpress"	"200"	"89"	"0"	"2601134"	"0"	"12"	"20"	"0"	"0"	"http://www.healthcheck.org/node/11157"	"control over what’s being put in your meals,” registered dietician"	"Carol Dombrow"	"told Global News."	""	""	"text"	"false"	"true"	"false"	"false"	"false"	"false"	"true"	""	""	"pagefound"	"2020-08-09 10:05:12"	"2026-09-25 23:43:39"	""	"Carmen Chai"	"Article > Listicle"	"Health > Nutrition > Restricted diets; Food > Recipes > Healthy eating; Travel > Specialty travel > Family travel"
"www.Healthcheck.org - Heart&Stroke Health Check Program"	"http://urlm.co.uk/www.healthcheck.org"	"en"	""	"200"	"25"	"0"	"2373"	"0"	"4"	"5"	"0"	"0"	"http://www.healthcheck.org/"	""	"Go to website"	""	""	""	"text"	"false"	"false"	"true"	"false"	"false"	"false"	"true"	""	""	"pagefound"	"2026-08-12 10:32:00"	"2026-08-12 10:32:00"	""	""	"Listing > Business"	"Health > Nutrition > Restricted diets; Food; Business"
"Health Check labels in Canadian grocery stores"	"https://lesliebeck.com/articles/2000/04/11/health-check-labels-in-canadian-grocery-stores"	"en"	""	"200"	"31"	"0"	"3879"	"0"	"10"	"13"	"0"	"0"	"http://www.healthcheck.org/"	"For more informatiomn about the Health Check program,"	"click here"	"."	""	""	"text"	"false"	"true"	"false"	"false"	"false"	"false"	"true"	""	""	"pagefound"	"2026-09-21 06:38:26"	"2026-09-21 06:38:26"	""	"Barking Dog Studios"	"Article > News"	"Health > Nutrition > Restricted diets; Food > Food > Natural foods; Business > Retail trade > Technology"
"Associations Between a Voluntary Restaurant Menu Designation Initiative and Patron Purchasing Behavior"	"https://sage.cnpereading.com/doi/10.1177/1524839912469535"	"en"	""	"200"	"71"	"0"	"192"	"0"	"14"	"37"	"0"	"0"	"http://www.healthcheck.org/page/nutrient-criteria-restaurants"	". Retrieved from"	"http://www.healthcheck.org/page/nutrient-criteria-restaurants"	""	""	""	"text"	"false"	"false"	"false"	"false"	"false"	"false"	"true"	""	""	"linkfound"	"2026-07-09 22:11:02"	"2026-07-09 22:11:02"	""	""	""	""
"Health Check"	"https://a.osmarks.net/content/wikipedia_en_all_maxi_2020-08/A/Health_Check"	"en"	""	"200"	"37"	"0"	"6461"	"0"	"9"	"26"	"0"	"0"	"http://www.healthcheck.org/sites/default/files/mmallet/GroceryNutrientCriteria_Sept11.pdf"	". Archived from"	"the original"	""	""	""	"text"	"false"	"true"	"false"	"false"	"false"	"false"	"true"	""	""	"pagefound"	"2026-08-03 12:11:44"	"2026-08-03 12:11:44"	""	""	""	""
"Another train wreck: Heart & Stroke Foundation recommends eating candy - Diet Doctor"	"https://signal-citadel.live/another-train-wreck-heart-lung-foundation-recommends-eating-candy"	"en"	"wordpress"	"200"	"0"	"0"	"0"	"0"	"11"	"19"	"0"	"0"	"http://www.healthcheck.org/story/health-check-media"	"The Heart and Lung Foundation put out a"	"press release"	"saying that they are trying to develop a “comprehensive position”"	""	""	"text"	"false"	"false"	"false"	"false"	"false"	"false"	"true"	""	""	"pagefound"	"2026-05-25 09:55:50"	"2026-09-28 09:53:46"	""	"Dr. Andreas Eenfeldt"	"Article > Opinion"	"Health > Nutrition > Restricted diets; Food > Recipes > Healthy eating"
"HEALTHCHECK Nanuet NY, 10954 - Company Profile"	"https://start.cortera.com/company/research/k3q9pxp4s/healthcheck/"	"en"	""	"200"	"55"	"0"	"3258"	"0"	"10"	"14"	"0"	"0"	"http://www.healthcheck.org/"	""	"www.healthcheck.org"	""	""	""	"text"	"false"	"false"	"false"	"false"	"false"	"false"	"true"	""	""	"pagefound"	"2026-10-02 12:32:32"	"2026-10-02 12:32:32"	""	""	"Listing > Business"	"Health > Medical services > Doctors' offices; Finance > Auditing; Business > Business services > Consulting; Reference > Listings > Business"
"[Daily] 2013/09/08 Heart & Stroke Foundation $1,000 G/C (FB) - RedFlagDeals.com Forums"	"https://forums.redflagdeals.com/2013-09-08-heart-stroke-foundation-1-000-g-c-fb-1373481/"	"en"	"message-boards"	"200"	"69"	"0"	"998552"	"0"	"13"	"29"	"0"	"0"	"http://www.healthcheck.org/2013/rules_fr.php"	"Rules: http://www.healthcheck.org/2013/rules_en.php (EN) and"	"http://www.healthcheck.org/2013/rules_fr.php"	"(FR)"	""	""	"text"	"false"	"true"	"true"	"false"	"false"	"false"	"true"	""	""	"pagefound"	"2026-04-10 06:51:56"	"2026-08-23 07:10:15"	""	""	"User content > Forum"	"Health > Health conditions > Hypertension; Shopping > Consumer > Price comparisons; Communities"
"Provence at Valencia Apartments, Valencia, CA"	"http://blog.respage.com/provence-at-valencia-apartments/page/43/"	"en"	"wordpress"	"200"	"52"	"0"	"897"	"0"	"13"	"34"	"0"	"0"	"http://www.healthcheck.org/page/different-types-fat"	""	"Different Types of Fat"	"[Health Check]"	""	""	"text"	"false"	"true"	"false"	"false"	"false"	"false"	"true"	""	""	"pagefound"	"2025-03-28 07:11:15"	"2026-04-20 18:54:28"	""	""	""	""
"Review: 'Canadian Spectrum' is Hot Docs’ salute to home (Includes first-hand account) - Digital Journal"	"https://www.digitaljournal.com/entertainment/review-canadian-spectrum-is-hot-docs-salute-to-home/article/431358"	"en"	"wordpress"	"200"	"86"	"0"	"19714"	"0"	"7"	"13"	"0"	"0"	"http://www.healthcheck.org/"	"One of its targets include Heart and Stroke Foundation’s “"	"Health Check"	"” program, which it argues is deceiving consumers as much"	""	""	"text"	"false"	"true"	"false"	"false"	"false"	"false"	"true"	""	""	"linkrestored"	"2021-10-08 08:25:43"	"2026-04-24 22:40:47"	""	"Sarah Gopaul"	""	""
"Centre de Pré vention Cardiocasculaire de l‘Ouest de l‘Île"	"http://affaki.co/"	"en"	""	"200"	"0"	"0"	"0"	"5"	"19"	"31"	"0"	"0"	"https://www.healthcheck.org/en/home/home.html"	""	""	"Alternate HTML content should be placed here.This content requires the"	"http://www.healthcheck.org/en/home/home.html"	"301"	"text"	"false"	"true"	"false"	"false"	"false"	"true"	"true"	""	""	"pagefound"	"2026-08-16 05:32:06"	"2026-09-30 05:09:11"	""	""	"Site page > Home"	"Health > Medical services > Doctors' offices; Science > Biological sciences"
"Health Check"	"https://olps.co.za/kiwix/content/wikipedia_en_all_maxi_2024-01/A/Health_Check"	"en"	""	"200"	"5"	"0"	"42"	"0"	"8"	"25"	"0"	"0"	"https://www.healthcheck.org/faq"	""	"FAQ | Heart & Stroke Health Check Program"	""	"http://www.healthcheck.org/faq"	"301"	"text"	"false"	"true"	"false"	"false"	"false"	"false"	"true"	""	""	"pagefound"	"2026-09-16 04:39:16"	"2026-09-16 04:39:16"	""	""	"Article > Wiki"	"Health > Nutrition > Restricted diets; Food > Food > Natural foods; Business"
"Heart&Stroke - Eat Well & Win 1 of 10 $1000 grocery gift card (exp. Sept. 9) QC OK - Page 2 - RedFlagDeals.com Forums"	"https://forums.redflagdeals.com/heart-stroke-eat-well-win-1-10-1000-grocery-gift-card-exp-sept-9-qc-ok-1073267/2/"	"en"	"message-boards"	"200"	"69"	"0"	"998552"	"0"	"11"	"16"	"0"	"0"	"http://www.healthcheck.org/backtoschool/home"	""	"http://www.healthcheck.org/backtoschool/home"	""	""	""	"text"	"false"	"false"	"true"	"false"	"false"	"false"	"true"	""	""	"linkfound"	"2026-09-15 19:26:04"	"2026-09-15 19:26:04"	""	""	"User content > Forum"	"Food > Food; Shopping > Consumer > Discount; Health > Nutrition"
"Chequeo de salud • es.knowledger.de"	"http://es.knowledger.de/2282048/ChequeoDeSalud"	"es"	""	"200"	"15"	"0"	"0"	"0"	"10"	"13"	"0"	"0"	"http://www.healthcheck.org/"	""	"Sitio web de chequeo de salud"	""	""	""	"text"	"false"	"true"	"false"	"false"	"false"	"false"	"true"	""	""	"pagefound"	"2026-09-28 14:07:04"	"2026-09-28 14:07:04"	""	""	"Listing > Business"	"Food > Food > Seafood; Health > Nutrition > Restricted diets; Business > Hospitality industry > Food"
"5 healthy fast food swaps | Globalnews.ca"	"https://cbcmoney.live/news/657506/5-healthy-fast-food-swaps/"	"en"	"wordpress"	"200"	"0"	"0"	"0"	"0"	"15"	"23"	"0"	"0"	"https://www.healthcheck.org/node/11157"	"to fast food have difficult choices to make, registered dietician"	"Carol Dombrow"	"told Global News. She’s been a dietician with the Heart"	"http://www.healthcheck.org/node/11157"	"301"	"text"	"false"	"true"	"false"	"false"	"false"	"false"	"true"	""	""	"linkfound"	"2026-07-19 19:44:08"	"2026-07-19 19:44:08"	""	"Carmen Chai"	""	""
"Heart & Stroke Health Check ""Meal Time Makeover"" 10winners *join program"	"https://forum.smartcanucks.ca/180281-heart-stroke-health-check-meal-time-makeover-10winners-join-program-canada-print/"	"en"	"message-boards"	"200"	"48"	"0"	"376913"	"0"	"4"	"16"	"0"	"0"	"http://www.healthcheck.org/contest/rules"	""	"http://www.healthcheck.org/contest/rules"	""	""	""	"text"	"false"	"true"	"false"	"false"	"false"	"false"	"true"	""	""	"pagefound"	"2026-05-17 22:39:12"	"2026-09-19 17:38:05"	""	""	"User content > Forum"	"Health > Nutrition > Restricted diets; Beauty > Weight loss; Food > Recipes; Entertainment; Leisure"
"Weighty Matters: Health Check's Insignificant Revisions"	"http://www.weightymatters.ca/2008/01/health-checks-insignificant-revisions.html"	"en"	""	"200"	"47"	"0"	"47"	"0"	"9"	"20"	"0"	"0"	"http://www.healthcheck.org/en/nutritional-information/nutrient-criteria-grocery.html"	"revisions were released without fanfare or press release on their"	"website"	"this past Friday ("	""	""	"text"	"false"	"true"	"false"	"false"	"false"	"false"	"true"	""	""	"pagefound"	"2022-04-26 20:32:44"	"2026-10-02 13:23:18"	""	""	"Article > News"	"Health > Nutrition > Restricted diets; Beauty > Weight loss"
"...AND THE DIFFERENCE ."	"http://www.rmeats.com/menu/CutChart_2008.pdf"	"en"	""	"200"	"5"	"0"	"17"	"0"	"8"	"10"	"0"	"0"	"https://www.healthcheck.org/"	""	"www.healthcheck.org"	""	""	""	"text"	"false"	"true"	"false"	"false"	"false"	"false"	"true"	""	""	"linkfound"	"2026-09-12 08:44:49"	"2026-09-12 08:44:49"	""	""	"Listing > Product"	"Food > Food > Seafood; Health > Nutrition > Restricted diets; Business > Forestry > Livestock"
"[Daily] [Daily] [Merged] Health Check ""Healthy food is in Style"" (exp. Feb 26/12) - RedFlagDeals.com Forums"	"https://forums.redflagdeals.com/daily-merged-health-check-healthy-food-style-exp-feb-26-12-a-1139705/"	"en"	"message-boards"	"200"	"69"	"0"	"998552"	"0"	"14"	"24"	"0"	"0"	"http://www.healthcheck.org/instylecontest/home"	"Enter:"	"http://www.healthcheck.org/instylecontest/home"	""	""	""	"text"	"false"	"true"	"true"	"false"	"false"	"false"	"true"	""	""	"linkrestored"	"2018-10-18 05:27:43"	"2026-08-20 13:53:12"	""	""	"User content > Forum"	"Food > Food; Health > Nutrition > Restricted diets; Shopping > Consumer > Discount"
"Public Policies on Nutrition Labelling: Effects and Implementation Issues - A Knowledge Synthesis"	"https://www.inspq.qc.ca/sites/default/files/publications/1254_applicationpolpubliquesaffichagenutrition_va.pdf"	"en"	""	"200"	"79"	"0"	"113390"	"0"	"76"	"176"	"0"	"0"	"http://www.healthcheck.org/page/what-consumers-say"	"August 4, 2009:"	"http://www.healthcheck.org/page/what-consumers-say"	"."	""	""	"text"	"false"	"true"	"false"	"false"	"false"	"false"	"true"	""	""	"linkfound"	"2026-09-26 06:01:11"	"2026-09-26 06:01:11"	""	""	"Document > White paper"	"Health > Nutrition > Restricted diets; Business > Biotech; Government > Government > Public policy; Science > Biological sciences"
"[Daily] [Merged] 2012/09/09 - Heart & Stroke - ""Time to Start"" $1,000 GC (10 winners, QC yes) - RedFlagDeals.com Forums"	"https://forums.redflagdeals.com/merged-2012-09-09-heart-stroke-time-start-1-000-gc-10-winners-qc-yes-1217778/"	"en"	"message-boards"	"200"	"69"	"0"	"998552"	"0"	"11"	"17"	"0"	"0"	"https://www.healthcheck.org/timetostartcontest/rules"	"Rules:"	"http://www.healthcheck.org/timetostartcontest/rules"	""	"http://www.healthcheck.org/timetostartcontest/rules"	"301"	"text"	"false"	"true"	"true"	"false"	"false"	"false"	"true"	""	""	"linkrestored"	"2021-07-11 11:46:53"	"2026-09-06 02:24:08"	""	""	"User content > Forum"	"Leisure > Contests; Entertainment > Events > Music festivals; Games > Gambling > Lottery; Sports"
"Heart & Stroke/Health Check $1000 4 grocery!"	"https://forum.smartcanucks.ca/274045-heart-stroke-health-check-1000-4-grocery-canada-print/"	"en"	"message-boards"	"200"	"48"	"0"	"376913"	"0"	"4"	"12"	"0"	"0"	"http://www.healthcheck.org/instylecontest/home"	""	"http://www.healthcheck.org/instylecontest/home"	""	""	""	"text"	"false"	"true"	"false"	"false"	"false"	"false"	"true"	""	""	"linkfound"	"2026-09-14 00:26:21"	"2026-09-28 00:30:13"	""	""	"User content > Forum"	"Food > Food > Baked goods; Shopping > Special event items > Gifts; Leisure > Promotional giveaways; Health > Nutrition > Restricted diets"
"[Daily] [Daily] [Merged] Health Check ""Healthy food is in Style"" (exp. Feb 26/12) - RedFlagDeals.com Forums"	"https://forums.redflagdeals.com/daily-merged-health-check-healthy-food-style-exp-feb-26-12-a-1139705/"	"en"	"message-boards"	"200"	"69"	"0"	"998552"	"0"	"14"	"24"	"0"	"0"	"https://www.healthcheck.org/instylecontest/rules"	"Rules:"	"http://www.healthcheck.org/instylecontest/rules"	""	"http://www.healthcheck.org/instylecontest/rules"	"301"	"text"	"false"	"true"	"true"	"false"	"false"	"false"	"true"	""	""	"linkrestored"	"2021-07-17 13:47:34"	"2026-08-20 13:53:12"	""	""	"User content > Forum"	"Food > Food; Health > Nutrition > Restricted diets; Shopping > Consumer > Discount"
"Canadian Daily Deals: Safeway Canada: Eat Healthy Earn Bonus Air Miles (BC Only)"	"http://www.canadiandailydeals.com/2011/06/safeway-canada-eat-healthy-earn-bonus.html"	"en"	""	"200"	"9"	"0"	"17"	"0"	"8"	"10"	"0"	"0"	"https://www.healthcheck.org/AIR%20MILES/landing%20page"	""	"Click here for more information."	""	"http://www.healthcheck.org/AIR%20MILES/landing%20page"	"301"	"text"	"true"	"true"	"false"	"false"	"false"	"false"	"true"	""	""	"linkrestored"	"2021-04-22 14:56:54"	"2026-09-01 07:44:46"	""	""	"Article > News"	"Food > Retailers > Convenience stores; Shopping > Consumer > Discount"
"Ten things you didn't know about fat - NZ Herald"	"https://www.nzherald.co.nz/lifestyle/ten-things-you-didnt-know-about-fat/2GLMUKINWUD4GQ3JWIBAUM5QUQ/"	"en"	""	"200"	"88"	"0"	"2249190"	"0"	"44"	"103"	"0"	"0"	"http://www.healthcheck.org/page/different-types-fat"	"There are"	"four main types"	"of fats in our foods: polyunsaturated, monounsaturated, saturated and transfats."	""	""	"text"	"false"	"false"	"false"	"false"	"false"	"false"	"true"	""	""	"pagefound"	"2020-11-22 02:14:11"	"2026-09-30 13:53:36"	""	"Tom Sanders"	"Article > Listicle"	"Food > Food > Vegetables; Health > Nutrition > Restricted diets"
""	"http://archive.constantcontact.com/fs127/1109092516789/archive/1120237749881.html"	"en"	""	"200"	"92"	"0"	"224373"	"0"	"17"	"33"	"0"	"0"	"http://www.healthcheck.org/content/st-patrick%E2%80%99s-day-healthy-way-think-green"	"party, bringing themed treats to the office or to friends,"	"here"	"are some quick and easy suggestions of delicious foods that"	""	""	"text"	"false"	"false"	"true"	"false"	"false"	"false"	"true"	""	""	"pagefound"	"2026-05-03 16:25:00"	"2026-08-31 16:25:55"	""	""	""	""
"Health Check"	"https://a.osmarks.net/content/wikipedia_en_all_maxi_2020-08/A/Health_Check"	"en"	""	"200"	"37"	"0"	"6461"	"0"	"9"	"26"	"0"	"0"	"https://www.healthcheck.org/faq"	""	"FAQ | Heart&Stroke Health Check Program"	""	"http://www.healthcheck.org/faq"	"301"	"text"	"false"	"true"	"false"	"false"	"false"	"false"	"true"	""	""	"pagefound"	"2026-08-03 12:11:44"	"2026-08-03 12:11:44"	""	""	""	""
"Ticked Off - Dr Joe Today"	"https://www.drjoetoday.com/ticked-off/"	"en"	"wordpress"	"200"	"26"	"0"	"44"	"0"	"16"	"28"	"0"	"0"	"http://www.healthcheck.org/story/health-check-exit%20"	"In its announcement about"	"ending the program"	"it stated “… Health Check is no longer the right"	""	""	"text"	"false"	"true"	"false"	"false"	"false"	"false"	"true"	""	""	"pagefound"	"2018-08-30 12:18:21"	"2026-09-19 08:39:10"	""	"Dr Joe"	"Article > Opinion"	"Health > Nutrition > Restricted diets; Food > Food > Natural foods"
"Health Check"	"https://a.osmarks.net/content/wikipedia_en_all_maxi_2020-08/A/Health_Check"	"en"	""	"200"	"37"	"0"	"6461"	"0"	"9"	"26"	"0"	"0"	"http://www.healthcheck.org/page/nutrient-criteria-grocery-0"	""	"http://www.healthcheck.org/page/nutrient-criteria-grocery-0"	""	""	""	"text"	"false"	"true"	"false"	"false"	"false"	"false"	"true"	""	""	"pagefound"	"2026-08-03 12:11:44"	"2026-08-03 12:11:44"	""	""	""	""
"Weighty Matters: The Food Industry Delivers the Most Damning Indictment of Health Check Yet"	"http://www.weightymatters.ca/2008/11/food-industry-delivers-most-damning.html"	"en"	""	"200"	"47"	"0"	"47"	"0"	"11"	"25"	"0"	"0"	"https://www.healthcheck.org/page/technical-advisors-3"	"that the Heart and Stroke Foundation's dietitians and Health Check's"	"Technical Advisory Committee"	"have to offer, perhaps it's time to hire some new"	"http://www.healthcheck.org/page/technical-advisors-3"	"308"	"text"	"false"	"true"	"false"	"false"	"false"	"false"	"true"	""	""	"linkrestored"	"2023-06-04 16:29:05"	"2026-10-02 12:57:22"	""	""	"Article > Opinion"	"Beauty > Weight loss; Health > Nutrition > Restricted diets; Food; Business"
"Heart & Stroke Health Check ""Meal Time Makeover"" 10winners *join program"	"https://forum.smartcanucks.ca/180281-heart-stroke-health-check-meal-time-makeover-10winners-join-program-canada/"	"en"	"message-boards"	"200"	"48"	"0"	"376913"	"0"	"20"	"40"	"0"	"0"	"http://www.healthcheck.org/contest/rules"	""	"http://www.healthcheck.org/contest/rules"	""	""	""	"text"	"false"	"true"	"false"	"false"	"false"	"false"	"true"	""	""	"pagefound"	"2026-05-17 13:24:39"	"2026-10-02 06:19:36"	""	""	"User content > Forum"	"Health > Nutrition > Restricted diets; Food > Recipes; Shopping > Consumer > Discount; Society"
"Granny's Purchases Turkey Further Processor - Canadian Poultry Magazine"	"https://www.canadianpoultrymag.com/grannys-purchases-turkey-further-processor-2450/"	"en"	"wordpress"	"200"	"43"	"0"	"570"	"0"	"14"	"24"	"0"	"0"	"https://www.healthcheck.org/"	"certified through the Heart and Stroke Foundation and carry the"	"Health Check"	""	"http://www.healthcheck.org/"	"301"	"text"	"false"	"true"	"false"	"false"	"false"	"false"	"true"	""	""	"linkrestored"	"2021-11-16 07:21:22"	"2026-07-15 12:59:45"	""	"Kristy Nudds"	""	""
"Toronto Directory Real Estate Ontario Canada Directory and GTA Toronto business Hotels and lawyers listings and yellow pages- Health > Page 6"	"https://www.gtawebdirectory.com/health/?s=A&p=37"	"en"	""	"200"	"13"	"0"	"0"	"0"	"11"	"14"	"0"	"0"	"https://www.healthcheck.org/"	""	"Health Check"	""	"http://www.healthcheck.org/"	"301"	"text"	"false"	"true"	"false"	"false"	"false"	"false"	"true"	""	""	"linkfound"	"2026-04-23 00:18:27"	"2026-04-23 00:18:27"	""	""	""	""
"Review: 'Canadian Spectrum' is Hot Docs’ salute to home (Includes first-hand account) - Digital Journal"	"https://www.digitaljournal.com/article/review-canadian-spectrum-is-hot-docs-salute-to-home/"	"en"	"wordpress"	"200"	"86"	"0"	"19714"	"0"	"10"	"15"	"0"	"0"	"http://www.healthcheck.org/"	"One of its targets include Heart and Stroke Foundation’s “"	"Health Check"	"” program, which it argues is deceiving consumers as much"	""	""	"text"	"false"	"true"	"false"	"false"	"false"	"false"	"true"	""	""	"pagefound"	"2026-07-20 20:42:47"	"2026-09-25 02:13:01"	""	"Sarah Gopaul"	"Article > Review"	"Entertainment > Movies > Documentary films; Society > Advocacy > Liberties; Sensitive; Health"
"Health Check"	"https://wikipedia.nlaha.com/content/wikipedia_en_all_maxi_2024-01/A/Health_Check"	"en"	""	"200"	"6"	"0"	"0"	"0"	"8"	"25"	"0"	"0"	"http://www.healthcheck.org/sites/default/files/mmallet/GroceryNutrientCriteria_Sept11.pdf"	". Archived from"	"the original"	""	""	""	"text"	"false"	"true"	"false"	"false"	"false"	"false"	"true"	""	""	"pagefound"	"2026-09-11 17:56:59"	"2026-09-11 17:56:59"	""	""	"Article > Wiki"	"Health > Nutrition > Restricted diets; Food > Food > Natural foods; Business"
"Mười Những điều bạn cần biết về chất béo"	"https://vi.innerself.com/articles/living/health/food-and-nutrition/9600-ten-things-you-need-to-know-about-fat.html"	"vi"	""	"200"	"52"	"0"	"175"	"0"	"22"	"34"	"0"	"0"	"http://www.healthcheck.org/page/different-types-fat"	"Có"	"bốn loại chính"	"chất béo trong thực phẩm của chúng tôi: không bão"	""	""	"text"	"false"	"true"	"false"	"false"	"false"	"false"	"true"	""	""	"linkfound"	"2026-07-30 06:49:37"	"2026-07-30 06:49:37"	""	"Tom Sanders"	""	""
"Montreal Directory Quebec Canada Directroy and Greater Montreal Area Montreal business listings and yellow pages- Health > Page 3"	"https://mail.gmawebdirectory.com/health/page-3.html"	"en"	""	"200"	"54"	"0"	"0"	"0"	"15"	"23"	"0"	"0"	"http://www.healthcheck.org/"	""	"Health Check"	""	""	""	"text"	"false"	"true"	"false"	"false"	"false"	"false"	"true"	""	""	"linkrestored"	"2025-01-23 19:41:43"	"2026-09-30 12:08:07"	""	""	"Listing collection > Business"	"Health > Medical services > Doctors' offices; Reference > Listings > Business; Business"
"Regional > North_America > Canada > Health > - Jasminecorp Directory"	"http://jcsearch.com/Top/Regional/North_America/Canada/Health/"	"en"	""	"200"	"16"	"0"	"0"	"0"	"54"	"151"	"0"	"0"	"http://www.healthcheck.org/"	""	"Health Check"	""	""	""	"text"	"true"	"true"	"false"	"false"	"false"	"false"	"true"	""	""	"pagefound"	"2026-09-17 06:05:05"	"2026-09-17 06:05:05"	""	""	"Listing collection > Business"	"Health > Medical services > Doctors' offices; Reference > Listings > Business"
"عشرة أشياء تحتاج إلى معرفته عن الدهون"	"https://ar.innerself.com/articles/living/health/food-and-nutrition/9600-ten-things-you-need-to-know-about-fat.html"	"ar"	""	"200"	"52"	"0"	"175"	"0"	"22"	"34"	"0"	"0"	"http://www.healthcheck.org/page/different-types-fat"	"هناك"	"أربعة أنواع رئيسية"	"من الدهون في غذائنا: غير المشبعة ، غير المشبعة الاحادية"	""	""	"text"	"false"	"true"	"false"	"false"	"false"	"false"	"true"	""	""	"linkfound"	"2026-07-28 08:25:55"	"2026-07-28 08:25:55"	""	"Tom Sanders"	""	""
"Healthy Eating | Create WebQuest"	"https://www.createwebquest.com/g%C3%B6k%C3%A7e/healthy-eating"	"en"	""	"200"	"28"	"0"	"229"	"0"	"7"	"14"	"0"	"0"	"https://www.healthcheck.org/page/function-nutrients%20"	""	"http://www.healthcheck.org/page/function-nutrients"	""	"http://www.healthcheck.org/page/function-nutrients%20"	"301"	"text"	"false"	"true"	"true"	"false"	"false"	"false"	"true"	""	""	"linkrestored"	"2022-07-06 06:54:42"	"2026-07-17 00:43:36"	""	""	""	""
"Weighty Matters: Health Check finally figures out chocolate milk and french fries aren't healthy!"	"http://www.weightymatters.ca/2010/08/health-check-finally-figures-out.html"	"en"	""	"200"	"47"	"0"	"47"	"0"	"10"	"22"	"0"	"0"	"https://www.healthcheck.org/story/what-new-health-check"	"What amused me the most about"	"the Heart and Stroke Foundation's latest press release"	"that announced that chocolate milk (and other sweetened milks) and"	"http://www.healthcheck.org/story/what-new-health-check"	"301"	"text"	"false"	"true"	"false"	"false"	"false"	"false"	"true"	""	""	"linkrestored"	"2021-04-27 10:41:34"	"2026-09-27 15:26:30"	""	""	"Article > Opinion"	"Health > Nutrition > Restricted diets; Beauty > Weight loss; Food > Food"
"Coup de cœur - Châtelaine"	"https://fr.chatelaine.com/cuisine/coup-de-coeur-3/"	"fr"	""	"200"	"77"	"0"	"194423"	"0"	"11"	"14"	"0"	"0"	"http://www.healthcheck.org/fr/home/home.html"	"les autres produits du même genre. Vendu sous le logo"	"Visez Santé"	", il est aussi faible en calories et il ne"	""	""	"text"	"false"	"true"	"false"	"false"	"false"	"false"	"true"	""	""	"pagefound"	"2025-03-14 20:01:55"	"2026-09-09 23:50:58"	""	""	"Article > Recipe"	"Food > Recipes > Cuisines; Health > Nutrition > Restricted diets"
"The Heart and Stroke Foundation endorses Harvey's burgers? Really? - Montreal Gazette"	"https://montrealgazette.com/entertainment-life/the-heart-and-stroke-foundation-endorses-harveys-burgers-really/"	"en"	"wordpress"	"200"	"81"	"0"	"159381"	"4"	"14"	"22"	"0"	"0"	"http://www.healthcheck.org/story/harvey%E2%80%99s-launches-four-health-check-items"	"in his Weighty Matters blog . What sparked his anger?"	"The Canadian Heart and Stroke Foundation’s decision to place their Health Check logo on four Harvey’s menu items."	"– veggie, chicken and meat burgers and a chicken salad"	""	""	"text"	"false"	"true"	"false"	"false"	"false"	"false"	"true"	""	""	"pagefound"	"2026-04-13 06:54:18"	"2026-09-14 10:18:06"	""	"Montreal Gazette"	"Article > News"	"Health > Nutrition > Restricted diets; Food > Restaurants > Fast food; Business; News"
"Sepuluh Perkara yang Anda Perlu Tahu Mengenai Lemak"	"https://ms.innerself.com/articles/living/health/food-and-nutrition/9600-ten-things-you-need-to-know-about-fat.html"	""	""	"200"	"52"	"0"	"175"	"0"	"22"	"34"	"0"	"0"	"http://www.healthcheck.org/page/different-types-fat"	"Terdapat"	"empat jenis utama"	"lemak dalam makanan kita: tak tepu, tak jenuh, tepu dan"	""	""	"text"	"false"	"true"	"false"	"false"	"false"	"false"	"true"	""	""	"pagefound"	"2026-07-24 03:27:30"	"2026-07-27 04:38:04"	""	"Tom Sanders"	""	""
"[Daily] 2013/09/08 Heart & Stroke Foundation $1,000 G/C (FB) - RedFlagDeals.com Forums"	"https://forums.redflagdeals.com/2013-09-08-heart-stroke-foundation-1-000-g-c-fb-1373481/"	"en"	"message-boards"	"200"	"69"	"0"	"998552"	"0"	"13"	"29"	"0"	"0"	"http://www.healthcheck.org/timetostartcontest/register-inscription"	"Enter:"	"http://www.healthcheck.org/timetostartc ... nscription"	"or https://www.facebook.com/heartandstroke ... 2544333196"	""	""	"text"	"false"	"true"	"true"	"false"	"false"	"false"	"true"	""	""	"pagefound"	"2026-04-10 06:51:56"	"2026-08-23 07:10:15"	""	""	"User content > Forum"	"Health > Health conditions > Hypertension; Shopping > Consumer > Price comparisons; Communities"
"Comment: Ten things you didn’t know about fat | SBS News"	"https://www.sbs.com.au/news/article/comment-ten-things-you-didnt-know-about-fat/csxl5ig5i"	"en"	""	"200"	"87"	"0"	"2209326"	"0"	"28"	"75"	"0"	"0"	"http://www.healthcheck.org/page/different-types-fat"	""	"four main types"	""	""	""	"text"	"false"	"true"	"false"	"false"	"false"	"false"	"true"	""	""	"pagefound"	"2025-01-19 04:33:43"	"2026-09-12 06:21:44"	""	""	"Article > Listicle"	"Health > Nutrition > Restricted diets; Food > Food > Vegetables"
"The Truth About Saturated Fat and cholesterol Levels"	"https://www.greenthickies.com/truth-saturated-fat-cholesterol-levels/"	"en"	"wordpress"	"200"	"31"	"0"	"5544"	"0"	"12"	"19"	"0"	"0"	"http://www.healthcheck.org/page/different-types-fat"	"– some good, some not so good. Good fats include,"	"Monounsaturated fats and polyunsaturated fats"	", like Omega-3 and Omega-6. Consuming these fats, mainly found"	""	""	"text"	"false"	"true"	"false"	"false"	"false"	"false"	"true"	""	""	"pagefound"	"2021-10-13 20:12:56"	"2026-09-20 12:57:45"	""	"Katherine Kyle"	"Article > Research"	"Health > Nutrition > Restricted diets; Food > Food > Natural foods; Beauty > Weight loss"
"Sodium send-off - Today's Parent"	"https://www.todaysparent.com/family/family-health/sodium-send-off/"	"en"	""	"200"	"78"	"0"	"156614"	"0"	"17"	"22"	"0"	"0"	"http://www.healthcheck.org/"	"The Heart and Stroke Foundation's"	"Health Check"	"logo ensures you are buying food with heart-healthy lower sodium"	""	""	"text"	"false"	"true"	"false"	"false"	"false"	"true"	"true"	""	""	"pagefound"	"2023-01-12 07:11:42"	"2026-09-25 06:52:29"	""	""	"Article > Opinion"	"Health > Nutrition > Restricted diets; Food > Food > Natural foods; Society > Relationships > Family > Parenting > Toddlers > Playroom"
"The Best Frozen Ready Meals - Nautilus Plus | Nautilus Plus"	"https://www.nautilusplus.com/the-best-frozen-ready-meals/"	"en"	"wordpress"	"200"	"42"	"0"	"10923"	"0"	"9"	"10"	"0"	"0"	"http://www.healthcheck.org/"	"their soups and frozen ready meals are part of the"	"Heart&Stroke Health CheckTM Program"	". Commensal also offers various exotic dishes: Creole casserole, Thaïémincé,"	""	""	"text"	"false"	"true"	"false"	"false"	"false"	"false"	"true"	""	""	"linkrestored"	"2025-04-04 16:17:20"	"2026-09-16 13:00:49"	""	""	"Article > Listicle"	"Food > Food > Natural foods; Health > Nutrition > Restricted diets"
"Heart & Stroke/Health Check $1000 4 grocery!"	"https://forum.smartcanucks.ca/274045-heart-stroke-health-check-1000-4-grocery-canada/"	"en"	"message-boards"	"200"	"48"	"0"	"376913"	"0"	"25"	"44"	"0"	"0"	"http://www.healthcheck.org/instylecontest/home"	""	"http://www.healthcheck.org/instylecontest/home"	""	""	""	"text"	"false"	"true"	"false"	"false"	"false"	"false"	"true"	""	""	"pagefound"	"2025-04-27 09:46:55"	"2026-09-21 04:01:07"	""	""	"User content > Forum"	"Food > Food > Sweets; Shopping > Special event items > Gifts; Health > Nutrition; Leisure > Promotional giveaways"
"Dried cranberry"	"https://gateway.ipfs.cybernode.ai/ipfs/QmXoypizjW3WknFiJnKLwHCnL72vedxjQkDDP1mXWo6uco/wiki/Dried_cranberry.html"	"en"	""	"200"	"5"	"0"	"0"	"0"	"14"	"29"	"0"	"0"	"http://www.healthcheck.org/page/program-participants-0"	""	"http://www.healthcheck.org/page/program-participants-0"	""	""	""	"text"	"false"	"true"	"false"	"false"	"false"	"false"	"true"	""	""	"pagefound"	"2026-08-18 16:13:11"	"2026-08-18 16:13:11"	""	""	"Article > Wiki"	"Food > Food > Vegetables; Health > Nutrition > Supplements; Business > Forestry > Seed"
"Weighty Matters: Health Check's Insignificant Revisions"	"http://www.weightymatters.ca/2008/01/health-checks-insignificant-revisions.html"	"en"	""	"200"	"47"	"0"	"47"	"0"	"9"	"20"	"0"	"0"	"https://www.healthcheck.org/"	"revisions were released without fanfare or press release on their"	"website"	"this past Friday ("	"http://www.healthcheck.org/en/nutritional-information/nutrient-criteria-grocery.html, https://www.healthcheck.org/en/nutritional-information/nutrient-criteria-grocery.html"	"308, 301"	"text"	"false"	"true"	"false"	"false"	"false"	"false"	"true"	""	""	"linkrestored"	"2024-01-04 02:37:51"	"2026-10-02 13:23:18"	""	""	"Article > News"	"Health > Nutrition > Restricted diets; Beauty > Weight loss"
"ads@thenewsleader.ca"	"http://princetonbcmuseum.com/wp-content/uploads/2023/11/SNL20070327.pdf"	"en"	""	"200"	"4"	"0"	"2"	"0"	"20"	"28"	"0"	"0"	"http://www.healthcheck.org/"	""	""	""	""	""	"text"	"false"	"true"	"false"	"false"	"false"	"false"	"true"	""	""	"linkfound"	"2026-09-25 13:00:10"	"2026-09-25 13:00:10"	""	""	"Article > News"	"Reference > Museums > Libraries; Government > Public safety > Law enforcement; News > Local news; Sensitive; Entertainment"
"Ticked Off - Dr Joe Today"	"https://www.drjoetoday.com/ticked-off/"	"en"	"wordpress"	"200"	"26"	"0"	"44"	"0"	"16"	"28"	"0"	"0"	"https://www.healthcheck.org/page/helping-you-eat-well%20"	"The Canadian program’s"	"site"	"says, “All Health Check grocery products and menu items are"	"http://www.healthcheck.org/page/helping-you-eat-well%20"	"301"	"text"	"false"	"true"	"false"	"false"	"false"	"false"	"true"	""	""	"linkrestored"	"2021-06-04 05:03:58"	"2026-09-19 08:39:10"	""	"Dr Joe"	"Article > Opinion"	"Health > Nutrition > Restricted diets; Food > Food > Natural foods"
"Health Check Explained"	"https://everything.explained.today/Health_Check/"	""	""	"200"	"57"	"0"	"0"	"0"	"9"	"27"	"0"	"0"	"http://www.healthcheck.org/page/nutrient-criteria-grocery-0"	"Web site:"	"Nutrient Criteria - Grocery Heart & Stroke; Health Check Program"	". www.healthcheck.org . dead . https://web.archive.org/web/20101115081956/http://www.healthcheck.org/page/nutrient-criteria-grocery-0 . 2010-11-15."	""	""	"text"	"false"	"false"	"true"	"false"	"false"	"false"	"true"	""	""	"pagefound"	"2026-08-18 10:16:44"	"2026-08-18 10:16:44"	""	""	"Article > Wiki"	"Health > Nutrition > Restricted diets; Food > Food > Natural foods"
"Ticked Off - Dr Joe Today"	"https://www.drjoetoday.com/ticked-off/"	"en"	"wordpress"	"200"	"26"	"0"	"44"	"0"	"16"	"28"	"0"	"0"	"https://www.healthcheck.org/story/health-check-exit%20"	"In its announcement about"	"ending the program"	"it stated “… Health Check is no longer the right"	"http://www.healthcheck.org/story/health-check-exit%20"	"301"	"text"	"false"	"true"	"false"	"false"	"false"	"false"	"true"	""	""	"linkrestored"	"2021-05-11 02:42:08"	"2026-09-19 08:39:10"	""	"Dr Joe"	"Article > Opinion"	"Health > Nutrition > Restricted diets; Food > Food > Natural foods"
"www.Canadafranchiseopportunities.ca - Canada franchises opportunities"	"http://ca.urlm.com/www.canadafranchiseopportunities.ca"	"en"	""	"200"	"25"	"0"	"19183"	"0"	"5"	"6"	"0"	"0"	"http://www.healthcheck.org/"	""	"healthcheck.org"	"Heart&Stroke Health Check Program"	"http://ca.urlm.com/g/o/c/38298"	"302"	"text"	"false"	"true"	"true"	"false"	"false"	"false"	"true"	""	""	"linkrestored"	"2025-03-02 18:18:41"	"2026-08-17 12:29:11"	""	""	"Listing > Business"	"Business > Business services > Consulting"
"Coup de cœur - Châtelaine"	"https://fr.chatelaine.com/cuisine/coup-de-coeur-3/"	"fr"	""	"200"	"77"	"0"	"194423"	"0"	"11"	"14"	"0"	"0"	"https://www.healthcheck.org/fr/home/home.html"	"les autres produits du même genre. Vendu sous le logo"	"Visez Santé"	", il est aussi faible en calories et il ne"	"http://www.healthcheck.org/fr/home/home.html"	"308"	"text"	"false"	"true"	"false"	"false"	"false"	"false"	"true"	""	""	"linkfound"	"2026-09-09 23:50:58"	"2026-09-09 23:50:58"	""	""	"Article > Recipe"	"Food > Recipes > Cuisines; Health > Nutrition > Restricted diets"
"Deregualtion, no regulation meme | Page 2 | International Skeptics Forum"	"https://internationalskeptics.com/forums/threads/deregualtion-no-regulation-meme.288461/page-2"	"en"	""	"200"	"31"	"0"	"83"	"0"	"6"	"16"	"0"	"0"	"http://www.healthcheck.org/story/health-check-exitl"	"Examples are: Canadian Heart and Stroke Foundation's ""Health Check"" (["	"cancelled"	"] a few months ago, but not before a decade"	""	""	"text"	"false"	"true"	"true"	"true"	"false"	"false"	"true"	""	""	"pagefound"	"2026-05-17 13:07:13"	"2026-09-21 03:15:17"	""	""	"User content > Forum"	"Health > Public health > Health policy; Government > Government > Public policy; Society > Advocacy > Ethics; Business; Food; Science"
"فحص صحي"	"https://areq.net/m/%D9%81%D8%AD%D8%B5_%D8%B5%D8%AD%D9%8A.html"	""	""	"200"	"37"	"0"	"49352"	"0"	"5"	"17"	"0"	"0"	"http://www.healthcheck.org/sites/default/files/mmallet/GroceryNutrientCriteria_Sept11.pdf"	"( كتاب إلكتروني PDF ).www.healthcheck.org. مؤرشف من"	"الأصل"	"( كتاب إلكتروني PDF )في 8 يونيو 2012"	""	""	"text"	"false"	"false"	"true"	"false"	"false"	"false"	"true"	""	""	"pagefound"	"2023-12-02 13:33:37"	"2026-09-12 19:30:19"	""	""	""	""
"Ten Things You Need To Know About Fat"	"https://innerself.com/articles/living/health/food-and-nutrition/9600-ten-things-you-need-to-know-about-fat.html"	"en"	""	"200"	"52"	"0"	"175"	"0"	"22"	"34"	"0"	"0"	"http://www.healthcheck.org/page/different-types-fat"	"There are"	"four main types"	"of fats in our foods: polyunsaturated, monounsaturated, saturated and transfats."	""	""	"text"	"false"	"true"	"false"	"false"	"false"	"false"	"true"	""	""	"pagefound"	"2026-09-21 22:14:36"	"2026-09-21 22:14:36"	""	"Tom Sanders"	"Article > Listicle"	"Health > Nutrition > Restricted diets; Food > Food > Natural foods"
"...AND THE DIFFERENCE ."	"http://rmeats.com/menu/CutChart_2008.pdf"	"en"	""	"200"	"5"	"0"	"17"	"0"	"9"	"12"	"0"	"0"	"https://www.healthcheck.org/"	""	"www.healthcheck.org"	""	""	""	"text"	"false"	"true"	"false"	"false"	"false"	"false"	"true"	""	""	"pagefound"	"2026-09-25 17:53:13"	"2026-09-25 17:53:13"	""	""	"Listing > Product"	"Food > Food > Seafood; Health > Nutrition > Restricted diets; Business > Forestry > Livestock"
"Road Trips and Restaurants - Summer Vacation and Eating Well Can Go Hand in Hand - Calgary's Child Magazine"	"https://www.calgaryschild.com/health-and-safety/health-wellness/702-road-trips-and-restaurants-summer-vacation-and-eating-well-can-go-hand-in-hand"	"en"	""	"200"	"43"	"0"	"4220"	"0"	"12"	"13"	"0"	"0"	"http://www.healthcheck.org/"	"advocate for healthy choices and lifestyles. For more information, visit"	"www.healthcheck.org"	"."	""	""	"text"	"false"	"true"	"false"	"false"	"false"	"false"	"true"	""	""	"pagefound"	"2021-09-07 00:53:00"	"2026-09-26 16:09:58"	""	""	"Article > Listicle"	"Food > Recipes > Healthy eating; Health > Nutrition > Restricted diets; Travel > Specialty travel > Family travel; Society > Relationships > Family > Parenting > Toddlers > Playroom; Leisure > Outdoors > Camping"
"Weighty Matters: Heart and Stroke Bashes Health Check on their own."	"http://www.weightymatters.ca/2008/01/heart-and-stroke-bashes-health-check-on.html"	"en"	""	"200"	"47"	"0"	"47"	"0"	"8"	"17"	"0"	"0"	"https://www.healthcheck.org/images/pdf/HSFSobeysBooklet_P8%20Nutrition%20Information.pdf"	"website there's a sidebar linked to a PDF entitled, """	"A food label can tell you alot!"	"""."	"http://www.healthcheck.org/images/pdf/HSFSobeysBooklet_P8%20Nutrition%20Information.pdf"	"308"	"text"	"false"	"true"	"false"	"false"	"false"	"false"	"true"	""	""	"linkfound"	"2026-09-27 02:28:05"	"2026-09-27 02:28:05"	""	""	"Article > Research"	"Health > Nutrition > Restricted diets; Beauty > Weight loss; Food > Food"
"Hometown Pork - Fresh, Local Wholesome Pork - Canada"	"http://hometownpork.ca/"	"en"	""	"200"	"0"	"0"	"0"	"0"	"4"	"4"	"0"	"0"	"http://www.healthcheck.org/"	""	""	""	""	""	"image"	"false"	"false"	"false"	"false"	"false"	"false"	"true"	""	""	"pagefound"	"2018-05-01 04:26:20"	"2026-10-02 09:49:28"	""	""	"Site page > Home"	"Food > Food > Seafood; Business > Forestry > Ranches"
"[Daily] 2013/09/08 Heart & Stroke Foundation $1,000 G/C (FB) - RedFlagDeals.com Forums"	"https://forums.redflagdeals.com/2013-09-08-heart-stroke-foundation-1-000-g-c-fb-1373481/"	"en"	"message-boards"	"200"	"69"	"0"	"998552"	"0"	"13"	"29"	"0"	"0"	"https://www.healthcheck.org/timetostartcontest/register-inscription"	"Enter:"	"http://www.healthcheck.org/timetostartc ... nscription"	"or https://www.facebook.com/heartandstroke ... 2544333196"	"http://www.healthcheck.org/timetostartcontest/register-inscription"	"301"	"text"	"false"	"true"	"true"	"false"	"false"	"false"	"true"	""	""	"linkfound"	"2026-05-25 06:51:42"	"2026-08-23 07:10:15"	""	""	"User content > Forum"	"Health > Health conditions > Hypertension; Shopping > Consumer > Price comparisons; Communities"
"Healthy Eating | Create WebQuest"	"https://www.createwebquest.com/g%C3%B6k%C3%A7e/healthy-eating"	"en"	""	"200"	"28"	"0"	"229"	"0"	"7"	"14"	"0"	"0"	"http://www.healthcheck.org/page/function-nutrients%20"	""	"http://www.healthcheck.org/page/function-nutrients"	""	""	""	"text"	"false"	"true"	"true"	"false"	"false"	"false"	"true"	""	""	"pagefound"	"2022-07-06 06:54:42"	"2026-07-17 00:43:36"	""	""	""	""
"Oh those Canadians: heart-checking McDonald's! - Food Politics by Marion Nestle"	"https://www.foodpolitics.com/2010/02/oh-those-canadians-heart-checking-mcdonalds/"	"en"	"wordpress"	"200"	"69"	"0"	"2300"	"0"	"16"	"22"	"0"	"0"	"http://www.healthcheck.org/story/british-columbia-pizza-huts-get-a-health-check-pizza-hut"	"participation in the program on its website. [Update February 3:"	"Pizza Hut has now announced its participation"	"in the program]"	""	""	"text"	"false"	"true"	"false"	"false"	"false"	"false"	"true"	""	""	"linkrestored"	"2017-09-17 18:00:42"	"2026-09-15 04:41:11"	""	""	"Article > Opinion"	"Health > Nutrition > Restricted diets; Food > Food > Snack foods; Society"
"Health Check Explained"	"https://everything.explained.today/Health_Check/"	""	""	"200"	"57"	"0"	"0"	"0"	"9"	"27"	"0"	"0"	"https://www.healthcheck.org/page/nutrient-criteria-grocery-0"	"Web site:"	"Nutrient Criteria - Grocery Heart & Stroke; Health Check Program"	". www.healthcheck.org . dead . https://web.archive.org/web/20101115081956/http://www.healthcheck.org/page/nutrient-criteria-grocery-0 . 2010-11-15."	"http://www.healthcheck.org/page/nutrient-criteria-grocery-0"	"301"	"text"	"false"	"false"	"true"	"false"	"false"	"false"	"true"	""	""	"pagefound"	"2026-08-18 10:16:44"	"2026-08-18 10:16:44"	""	""	"Article > Wiki"	"Health > Nutrition > Restricted diets; Food > Food > Natural foods"
"Compliments ""Balance"" and the Heart and Stroke Foundation"	"https://lesliebeck.com/articles/2006/06/23/compliments-balance-and-the-heart-and-stroke-foundation"	"en"	""	"200"	"31"	"0"	"3879"	"0"	"11"	"15"	"0"	"0"	"http://www.healthcheck.org/"	"You can also visit"	"www.healthcheck.org"	"for more information."	""	""	"text"	"false"	"true"	"false"	"false"	"false"	"false"	"true"	""	""	"pagefound"	"2026-08-16 11:41:57"	"2026-09-27 11:52:15"	""	"Barking Dog Studios"	"Article > Research"	"Health > Nutrition > Restricted diets; Food > Food > Natural foods"
"Centre de Pré vention Cardiocasculaire de l‘Ouest de l‘Île"	"http://affaki.co/"	"en"	""	"200"	"0"	"0"	"0"	"5"	"19"	"31"	"0"	"0"	"http://www.healthcheck.org/fr/home/home.html"	""	""	""	""	""	"text"	"false"	"true"	"false"	"false"	"false"	"true"	"true"	""	""	"pagefound"	"2026-08-16 05:32:06"	"2026-09-30 05:09:11"	""	""	"Site page > Home"	"Health > Medical services > Doctors' offices; Science > Biological sciences"
"www.Extremepita.com - Extreme Pita fresh to the extreme"	"http://ca.urlm.com/www.extremepita.com"	"en"	""	"200"	"25"	"0"	"19183"	"0"	"12"	"20"	"0"	"0"	"http://www.healthcheck.org/"	""	"healthcheck.org"	"Heart&Stroke Health Check Program"	"http://ca.urlm.com/g/o/e/96692"	"302"	"text"	"false"	"true"	"true"	"false"	"false"	"false"	"true"	""	""	"pagefound"	"2025-09-30 09:10:25"	"2026-09-06 05:50:44"	""	""	"Listing > Business"	"Food > Food > Seafood; Business; Health > Nutrition > Restricted diets"
"Another train wreck: Heart & Stroke Foundation recommends eating candy - Diet Doctor"	"https://vector-paragon.live/another-train-wreck-heart-lung-foundation-recommends-eating-candy"	"en"	"wordpress"	"200"	"0"	"0"	"0"	"0"	"11"	"19"	"0"	"0"	"http://www.healthcheck.org/story/health-check-media"	"The Heart and Lung Foundation put out a"	"press release"	"saying that they are trying to develop a “comprehensive position”"	""	""	"text"	"false"	"false"	"false"	"false"	"false"	"false"	"true"	""	""	"pagefound"	"2026-05-25 15:28:22"	"2026-09-21 04:15:53"	""	"Dr. Andreas Eenfeldt"	"Article > Opinion"	"Health > Nutrition > Restricted diets; Food > Recipes > Healthy eating"
"How much sugar should you be eating? How to follow WHO’s guidelines | Globalnews.ca"	"https://cbcmoney.live/news/1203149/how-much-sugar-should-you-be-eating-how-to-follow-whos-guidelines/"	"en"	"wordpress"	"200"	"0"	"0"	"0"	"0"	"13"	"24"	"0"	"0"	"https://www.healthcheck.org/"	"in them,” Katie Jessop , a registered dietitian with the"	"Heart and Stroke Foundation"	", said."	"http://www.healthcheck.org/"	"301"	"text"	"false"	"true"	"false"	"false"	"false"	"false"	"true"	""	""	"pagefound"	"2026-07-23 04:56:14"	"2026-07-23 04:56:14"	""	"Carmen Chai"	""	""
"Weighty Matters: Burger King - Stricter Nutritional Criteria than Health Check!"	"http://www.weightymatters.ca/2010/07/burger-kings-stricter-than-health-check.html"	"en"	""	"200"	"47"	"0"	"47"	"0"	"11"	"19"	"0"	"0"	"http://www.healthcheck.org/sites/default/files/editor/Nutrient%20Criteria_Foodservice.March%202010.EN_.pdf"	"What does"	"Health Check have to say"	"about restaurant kids' meals?"	""	""	"text"	"false"	"true"	"false"	"false"	"false"	"false"	"true"	""	""	"pagefound"	"2022-07-12 02:13:58"	"2026-09-26 15:15:11"	""	""	"Article > Opinion"	"Health > Nutrition > Restricted diets; Food > Food; Beauty > Weight loss"
"Toronto Directory Real Estate Ontario Canada Directory and GTA Toronto business Hotels and lawyers listings and yellow pages- Health > Page 9"	"https://www.gtawebdirectory.com/health/page-9.html"	"en"	""	"200"	"13"	"0"	"0"	"0"	"12"	"18"	"0"	"0"	"http://www.healthcheck.org/"	""	"Health Check"	""	""	""	"text"	"false"	"true"	"false"	"false"	"false"	"false"	"true"	""	""	"linkfound"	"2021-02-14 07:02:37"	"2026-09-17 08:38:53"	""	""	"Listing collection > Business"	"Health > Medical services > Doctors' offices; Business > Business services > Consulting; Reference > Listings > Business"
"Montreal Directory Quebec Canada Directroy and Greater Montreal Area Montreal business listings and yellow pages- Health > Page 5"	"https://www.gmawebdirectory.com/health/?s=A&p=31"	"en"	""	"200"	"54"	"0"	"0"	"0"	"14"	"19"	"0"	"0"	"http://www.healthcheck.org/"	""	"Health Check"	""	""	""	"text"	"false"	"true"	"false"	"false"	"false"	"false"	"true"	""	""	"linkrestored"	"2019-10-23 13:13:50"	"2026-04-18 11:59:09"	""	""	""	""
"Finding comfort in healthy food choices after a heart attack - Windsor Star"	"https://windsorstar.com/arts-life/finding-comfort-in-healthy-food-choices-after-a-heart-attack/"	"en"	"wordpress"	"200"	"74"	"0"	"40810"	"0"	"13"	"21"	"0"	"0"	"http://www.healthcheck.org/"	"leading a healthier lifestyle after a heart attack, check out:"	"www.healthcheck.org"	"."	""	""	"text"	"false"	"true"	"false"	"false"	"false"	"false"	"true"	""	""	"linkfound"	"2026-09-24 02:49:37"	"2026-10-01 02:51:58"	""	"City Desk"	"Article > Listicle"	"Health > Nutrition > Restricted diets; Food > Recipes > Healthy eating; Society"
"Health Check"	"https://wikipedia.nlaha.com/content/wikipedia_en_all_maxi_2024-01/A/Health_Check"	"en"	""	"200"	"6"	"0"	"0"	"0"	"8"	"25"	"0"	"0"	"https://www.healthcheck.org/page/nutrient-criteria-grocery-0"	"| Heart & Stroke; Health Check Program"" .www.healthcheck.org. Archived from"	"the original"	"on 2010-11-15."	"http://www.healthcheck.org/page/nutrient-criteria-grocery-0"	"301"	"text"	"false"	"true"	"false"	"false"	"false"	"false"	"true"	""	""	"pagefound"	"2026-09-11 17:56:59"	"2026-09-11 17:56:59"	""	""	"Article > Wiki"	"Health > Nutrition > Restricted diets; Food > Food > Natural foods; Business"
"Tips To Get Your Healthy Lifestyle Started - Faze"	"https://faze.ca/tips-to-get-your-healthy-lifestyle-started/"	"en"	"wordpress"	"200"	"38"	"0"	"2233"	"1"	"7"	"11"	"0"	"0"	"https://www.healthcheck.org/page/canadas-food-guide"	"the food groups, recommended portions and what foods qualify, click"	"here"	"."	""	""	"text"	"false"	"true"	"false"	"false"	"false"	"true"	"true"	""	""	"linkrestored"	"2021-04-14 03:23:36"	"2026-09-23 08:49:42"	""	"Holly O'Brien"	"Article > How-to"	"Beauty > Fitness > Personal training; Health > Nutrition > Restricted diets; Food > Recipes > Healthy eating"
"Weighty Matters: Health Check finally figures out chocolate milk and french fries aren't healthy!"	"http://www.weightymatters.ca/2010/08/health-check-finally-figures-out.html"	"en"	""	"200"	"47"	"0"	"47"	"0"	"10"	"22"	"0"	"0"	"http://www.healthcheck.org/sites/default/files/editor/HC10_Nutrient%20Criteriapdf_changes_Aug10.pdf"	"Or by having"	"nutritional criteria"	"for Health Check that don't include calorie limits?"	""	""	"text"	"false"	"true"	"false"	"false"	"false"	"false"	"true"	""	""	"pagefound"	"2013-08-09 13:26:57"	"2026-09-27 15:26:30"	""	""	"Article > Opinion"	"Health > Nutrition > Restricted diets; Beauty > Weight loss; Food > Food"
"Extreme Pita main page"	"https://extremepitast.ca/"	"en"	""	"200"	"0"	"0"	"0"	"16"	"3"	"6"	"0"	"0"	"http://www.healthcheck.org/restosearch?tid=970&keys="	""	""	"Listed Pitas with the Heart and Stroke Foundation"	""	""	"image"	"false"	"false"	"false"	"false"	"false"	"false"	"true"	""	""	"pagefound"	"2023-03-24 05:02:07"	"2026-10-02 14:24:04"	""	""	"Site page > Home"	"Food > Restaurants > Fast food; Business > Hospitality industry > Food; Health > Nutrition > Restricted diets"
"Centre de Pré vention Cardiocasculaire de l‘Ouest de l‘Île"	"http://affaki.net/"	"en"	""	"200"	"0"	"0"	"0"	"0"	"19"	"32"	"0"	"0"	"http://www.healthcheck.org/en/home/home.html"	""	""	""	""	""	"text"	"false"	"false"	"false"	"false"	"false"	"false"	"true"	""	""	"linkrestored"	"2022-05-29 17:09:05"	"2026-10-01 03:46:41"	""	""	"Site page > Home"	"Health > Medical services > Treatment centers; Science > Biological sciences"
"National Heart Foundation of Australia"	"https://gateway.ipfs.cybernode.ai/ipfs/QmXoypizjW3WknFiJnKLwHCnL72vedxjQkDDP1mXWo6uco/wiki/National_Heart_Foundation_of_Australia.html"	"en"	""	"200"	"5"	"0"	"0"	"0"	"13"	"25"	"0"	"0"	"http://www.healthcheck.org/story/health-check-exit"	"""health check exit"" ."	"http://www.healthcheck.org/story/health-check-exit"	"."	""	""	"text"	"false"	"true"	"false"	"false"	"false"	"false"	"true"	""	""	"pagefound"	"2026-08-17 11:02:45"	"2026-08-17 11:02:45"	""	""	"Listing > Business"	"Health > Health conditions > Hypertension"
"де X  X  Y Y - сума центральних відхилень; n - число спостережень;"	"https://file.lib.in.ua/pdf/savin-ruslan-finansuvannia-diialnosti-mizhnarodnykh-ahrokholdynhiv-na-hlobalnomu-rynku-silskohospodarskoi-produkt.pdf"	"uk"	""	"200"	"22"	"0"	"9774"	"0"	"48"	"73"	"0"	"0"	"http://www.healthcheck.org/"	"Офіційний сайт програми Health Check URL: http://www.healthcheck ."	"org/ (дата звернення 12.04.2017)."	""	""	""	"text"	"false"	"true"	"false"	"false"	"false"	"false"	"true"	""	""	"linkfound"	"2026-09-27 01:41:17"	"2026-09-27 01:41:17"	""	""	"Article > Definition"	"Science > Mathematics > Statistics; Reference > Technical reference"
"Heart Disease"	"https://www.bcwomens.ca/health-info/living-with-illness/heart-disease?TermStoreId=e5481489-1c4e-4a78-9d25-61807e18e714&TermSetId=407a7285-b9c8-4a9e-b5d1-18e22bf3caf3&TermId=58118dfd-8a7e-4103-aacd-4f6392b1cb69"	"en"	""	"200"	"63"	"0"	"3857"	"0"	"9"	"12"	"0"	"0"	"https://www.healthcheck.org/"	""	"Health Check Food Information Program"	""	"http://www.healthcheck.org/"	"301"	"text"	"false"	"false"	"false"	"false"	"false"	"false"	"true"	""	""	"linkfound"	"2026-04-10 03:44:00"	"2026-04-10 03:44:00"	""	""	""	""
"Ten things you didn't know about fat"	"https://www.smh.com.au/lifestyle/health-and-wellness/ten-things-you-didnt-know-about-fat-20140715-zt82j.html"	"en"	""	"200"	"90"	"0"	"1355999"	"1"	"36"	"81"	"0"	"0"	"https://www.healthcheck.org/page/different-types-fat"	"There are"	"four main types"	"of fats in our foods: polyunsaturated, monounsaturated, saturated and transfats."	"http://www.healthcheck.org/page/different-types-fat"	"308"	"text"	"false"	"false"	"false"	"false"	"false"	"true"	"true"	""	""	"linkfound"	"2026-09-29 02:38:05"	"2026-09-29 02:38:05"	""	"Tom Sanders"	"Article > Listicle"	"Health > Nutrition > Restricted diets; Beauty > Weight loss; Food > Food > Natural foods"
"Health Check - Company Overview, Employees & More - PhoneBooks"	"https://www.phonebooks.com/business-profile/health-check.p9wbw9LvQvFLp"	"en"	""	"200"	"28"	"0"	"484"	"0"	"4"	"4"	"0"	"0"	"https://www.healthcheck.org/"	""	"https://www.healthcheck.org"	""	""	""	"text"	"false"	"false"	"false"	"false"	"false"	"false"	"true"	""	""	"linkfound"	"2025-12-22 09:16:40"	"2026-05-20 21:25:37"	""	""	""	""
"...AND THE DIFFERENCE ."	"https://rmeats.com/menu/CutChart_2008.pdf"	"en"	""	"200"	"5"	"0"	"17"	"0"	"9"	"12"	"0"	"0"	"https://www.healthcheck.org/"	""	"www.healthcheck.org"	""	""	""	"text"	"false"	"true"	"false"	"false"	"false"	"false"	"true"	""	""	"pagefound"	"2026-09-25 17:50:46"	"2026-09-25 17:50:46"	""	""	"Listing > Product"	"Food > Food > Seafood; Health > Nutrition > Restricted diets; Business > Forestry > Livestock"
"Another train wreck: Heart & Stroke Foundation recommends eating candy - Diet Doctor"	"https://signal-citadel.live/another-train-wreck-heart-lung-foundation-recommends-eating-candy"	"en"	"wordpress"	"200"	"0"	"0"	"0"	"0"	"11"	"19"	"0"	"0"	"https://www.healthcheck.org/story/health-check-media"	"The Heart and Lung Foundation put out a"	"press release"	"saying that they are trying to develop a “comprehensive position”"	"http://www.healthcheck.org/story/health-check-media"	"308"	"text"	"false"	"false"	"false"	"false"	"false"	"false"	"true"	""	""	"linkfound"	"2026-09-28 09:53:46"	"2026-09-28 09:53:46"	""	"Dr. Andreas Eenfeldt"	"Article > Opinion"	"Health > Nutrition > Restricted diets; Food > Recipes > Healthy eating"
"Health Check"	"https://kiwix.enszfarms.org/content/wikipedia_en_all_maxi_2025-08/Health_Check"	"en"	""	"200"	"3.5"	"0"	"0"	"0"	"8"	"22"	"0"	"0"	"https://www.healthcheck.org/faq"	""	"FAQ | Heart & Stroke Health Check Program"	""	"http://www.healthcheck.org/faq"	"308"	"text"	"false"	"true"	"true"	"false"	"false"	"false"	"true"	""	""	"pagefound"	"2026-09-11 00:37:18"	"2026-09-11 00:37:18"	""	""	"Article > Wiki"	"Health > Nutrition > Restricted diets; Food > Food > Natural foods; Business"
"National Heart Foundation of Australia"	"http://wilearn.ch/kiwix/wikipedia_en_all_maxi_2021-12/A/National_Heart_Foundation_of_Australia"	"en"	""	"200"	"5"	"0"	"0"	"0"	"22"	"36"	"0"	"0"	"http://www.healthcheck.org/story/health-check-exit"	"""health check exit"" .healthcheck.org/story/health-check-exit. Archived from"	"the original"	"on 29 November 2014."	""	""	"text"	"false"	"true"	"false"	"false"	"false"	"false"	"true"	""	""	"linkfound"	"2026-08-23 19:59:48"	"2026-08-23 19:59:48"	""	""	"Article > Wiki"	"Health > Health conditions > Hypertension"
"Montreal Directory Quebec Canada Directroy and Greater Montreal Area Montreal business listings and yellow pages- Health > Page 5"	"https://mail.gmawebdirectory.com/health/?s=A&p=31"	"en"	""	"200"	"54"	"0"	"0"	"0"	"14"	"19"	"0"	"0"	"http://www.healthcheck.org/"	""	"Health Check"	""	""	""	"text"	"false"	"true"	"false"	"false"	"false"	"false"	"true"	""	""	"pagefound"	"2025-01-29 01:38:06"	"2026-04-20 19:23:37"	""	""	""	""
"What you should be eating to lower your blood pressure - National | Globalnews.ca"	"https://cbcmoney.live/news/458080/what-you-should-be-eating-to-lower-your-blood-pressure/"	"en"	"wordpress"	"200"	"0"	"0"	"0"	"0"	"13"	"21"	"0"	"0"	"https://www.healthcheck.org/node/11157"	"Global News spoke with Heart and Stroke dietician"	"Carol Dombrow"	"for her picks of healthy foods that do double duty"	"http://www.healthcheck.org/node/11157"	"301"	"text"	"false"	"true"	"false"	"false"	"false"	"false"	"true"	""	""	"linkfound"	"2026-07-22 11:56:22"	"2026-07-22 11:56:22"	""	"Carmen Chai"	""	""
"www.Countrysidefarms.ca - Home | Countryside Farms"	"http://ca.urlm.com/www.countrysidefarms.ca"	"en"	""	"200"	"25"	"0"	"19183"	"0"	"11"	"15"	"0"	"0"	"https://www.healthcheck.org/"	""	"healthcheck.org"	"Heart&Stroke Health Check Program"	"http://ca.urlm.com/g/o/c/85234, http://www.healthcheck.org/"	"302, 301"	"text"	"false"	"true"	"true"	"false"	"false"	"false"	"true"	""	""	"linkfound"	"2026-04-23 05:52:20"	"2026-04-23 05:52:20"	""	""	""	""
"Health Check Alberta Restaurant Program - East Phoenix"	"https://www.eastphoenixau.com/h-pages/health-check-alberta-restaurant-program.html"	"en"	""	"200"	"7"	"0"	"0"	"0"	"31"	"64"	"0"	"0"	"https://www.healthcheck.org/restosearch_page_1/"	""	"Eating Out | Heart& Health Check Program"	""	""	""	"text"	"false"	"true"	"true"	"false"	"false"	"false"	"true"	""	""	"pagefound"	"2026-08-28 21:42:49"	"2026-08-28 21:42:49"	""	""	"Listing > Business"	"Health > Nutrition > Restricted diets; Food > Restaurants > Reservations; Business > Hospitality industry > Food"
"Health Check - Details -"	"https://www.gmawebdirectory.com/detail/health-check-1324.htm"	"en"	""	"200"	"54"	"0"	"0"	"0"	"2"	"2"	"0"	"0"	"http://www.healthcheck.org/"	""	"http://www.healthcheck.org"	""	""	""	"text"	"false"	"true"	"false"	"false"	"false"	"false"	"true"	""	""	"linkrestored"	"2023-06-29 20:15:21"	"2026-09-27 14:39:47"	""	""	"Listing > Business"	"Health > Nutrition > Restricted diets; Food > Food > Natural foods; Jobs and education > Education; Business"
"[Daily] 2013/09/08 Heart & Stroke Foundation $1,000 G/C (FB) - RedFlagDeals.com Forums"	"https://forums.redflagdeals.com/2013-09-08-heart-stroke-foundation-1-000-g-c-fb-1373481/"	"en"	"message-boards"	"200"	"69"	"0"	"998552"	"0"	"13"	"29"	"0"	"0"	"http://www.healthcheck.org/2013/rules_en.php"	"Rules:"	"http://www.healthcheck.org/2013/rules_en.php"	"(EN) and http://www.healthcheck.org/2013/rules_fr.php (FR)"	""	""	"text"	"false"	"true"	"true"	"false"	"false"	"false"	"true"	""	""	"pagefound"	"2026-04-10 06:51:56"	"2026-08-23 07:10:15"	""	""	"User content > Forum"	"Health > Health conditions > Hypertension; Shopping > Consumer > Price comparisons; Communities"
"Pizza Pizza Menu Items Earn Health Check - Canadian Pizza Magazine"	"https://www.canadianpizzamag.com/pizza-pizza-menu-items-earn-health-check-3984/"	"en"	"wordpress"	"200"	"43"	"0"	"606"	"0"	"13"	"26"	"0"	"0"	"http://www.healthcheck.org/"	"For further information on the Health Check program, visit"	"www.healthcheck.org"	", or consult the Thinking Healthy section at www.pizzapizza.ca ."	""	""	"text"	"false"	"true"	"false"	"false"	"false"	"false"	"true"	""	""	"pagefound"	"2026-01-10 07:12:19"	"2026-09-06 11:32:09"	""	"Brandi Cowen"	"Article > News"	"Food > Restaurants > Fast food; Health > Nutrition > Restricted diets"
"Enter NOV 1 to win 1 of 14 Schwinn Bicycles from Healthcheck."	"https://forum.smartcanucks.ca/47498-enter-nov-1-win-1-14-schwinn-bicycles-healthcheck-canada-print/"	"en"	"message-boards"	"200"	"48"	"0"	"376913"	"0"	"4"	"12"	"0"	"0"	"http://www.healthcheck.org/images/stories/hc_icon_eng.gif"	""	"http://www.healthcheck.org/images/st...c_icon_eng.gif"	""	""	""	"text"	"false"	"false"	"false"	"false"	"false"	"false"	"true"	""	""	"pagefound"	"2026-05-02 20:59:18"	"2026-09-30 11:21:54"	""	""	"User content > Forum"	"Sports > Individual sports > Cycling; Leisure; Autos > Bicycles; Communities"
"Becel"	"https://ipfs.ssi.eecc.de/ipfs/QmXoypizjW3WknFiJnKLwHCnL72vedxjQkDDP1mXWo6uco/wiki/Becel.html"	"en"	""	"200"	"27"	"0"	"0"	"0"	"27"	"51"	"0"	"0"	"http://www.healthcheck.org/product/original-non-hydrogenated-margarine-7-g-foodservice-item"	"Heart and Stroke Foundation."	"""Health Check Symbol and Becel"""	""	""	""	"text"	"false"	"true"	"false"	"false"	"false"	"false"	"true"	""	""	"linkfound"	"2026-06-23 09:35:36"	"2026-06-23 09:35:36"	""	""	""	""
"Extreme Pita main page"	"http://extremepitast.ca/"	"en"	""	"200"	"0"	"0"	"0"	"0"	"3"	"6"	"0"	"0"	"http://www.healthcheck.org/restosearch?tid=970&keys="	""	""	"Listed Pitas with the Heart and Stroke Foundation"	""	""	"image"	"false"	"false"	"false"	"false"	"false"	"false"	"true"	""	""	"pagefound"	"2018-10-14 02:10:27"	"2026-10-02 12:33:07"	""	""	"Site page > Home"	"Food > Restaurants > Fast food; Business > Hospitality industry > Food; Health > Nutrition > Restricted diets"
"What's really inside your breakfast sandwich - Chatelaine"	"https://chatelaine.com/health/diet/whats-really-inside-your-breakfast-sandwich/"	"en"	""	"200"	"77"	"0"	"194423"	"0"	"21"	"37"	"0"	"0"	"https://www.healthcheck.org/recipe/microwave-apple-crisp-omelette"	"2. A"	"pple crisp omelette"	""	"http://www.healthcheck.org/recipe/microwave-apple-crisp-omelette"	"301"	"text"	"false"	"true"	"false"	"false"	"false"	"false"	"true"	""	""	"linkrestored"	"2024-01-27 12:40:31"	"2026-09-09 08:52:33"	""	""	"Article > Research"	"Health > Nutrition > Restricted diets; Food > Food > Natural foods"
"Granny's Purchases Turkey Further Processor - Canadian Poultry Magazine"	"https://www.canadianpoultrymag.com/grannys-purchases-turkey-further-processor-2450/"	"en"	"wordpress"	"200"	"43"	"0"	"570"	"0"	"14"	"24"	"0"	"0"	"http://www.healthcheck.org/"	"certified through the Heart and Stroke Foundation and carry the"	"Health Check"	""	""	""	"text"	"false"	"true"	"false"	"false"	"false"	"false"	"true"	""	""	"pagefound"	"2021-11-16 07:21:22"	"2026-07-15 12:59:45"	""	"Kristy Nudds"	""	""
"Enter NOV 1 to win 1 of 14 Schwinn Bicycles from Healthcheck."	"https://forum.smartcanucks.ca/47498-enter-nov-1-win-1-14-schwinn-bicycles-healthcheck-canada/"	"en"	"message-boards"	"200"	"48"	"0"	"376913"	"0"	"20"	"37"	"0"	"0"	"http://www.healthcheck.org/en/home/home.html"	"Go to:"	"http://www.healthcheck.org/en/home/home.html#"	"and click on the image shown on right hand side"	""	""	"text"	"false"	"true"	"false"	"false"	"false"	"false"	"true"	""	""	"pagefound"	"2026-05-02 07:59:20"	"2026-09-29 21:09:21"	""	""	"User content > Forum"	"Sports > Individual sports > Cycling; Autos > Bicycles; Shopping > Consumer > Discount"
"Nejednotné formy nutričního značení – Bezpečnost potravin"	"https://bezpecnostpotravin.cz/nejednotne-formy-nutricniho-znaceni/"	"cs"	"wordpress"	"200"	"64"	"0"	"21112"	"0"	"45"	"78"	"0"	"0"	"http://www.healthcheck.org/"	"nadaceHealth and Stroke Foundation of Canadapředložila v r. 1999 logo „"	"Health Check"	",“ které mohou používat výrobky splňující kritéria Canada’s Food Guide"	""	""	"text"	"false"	"false"	"false"	"false"	"false"	"false"	"true"	""	""	"linkrestored"	"2023-03-21 10:11:07"	"2026-09-27 02:27:59"	""	""	"Article > Wiki"	"Health > Nutrition > Restricted diets; Food > Food > Natural foods; Business; Society"
"Heart & Stroke Health Check ""Meal Time Makeover"" 10winners *join program"	"https://forum.smartcanucks.ca/180281-heart-stroke-health-check-meal-time-makeover-10winners-join-program-canada/"	"en"	"message-boards"	"200"	"48"	"0"	"376913"	"0"	"20"	"40"	"0"	"0"	"http://www.healthcheck.org/contest/prizes-weekly"	""	"http://www.healthcheck.org/contest/prizes-weekly"	""	""	""	"text"	"false"	"true"	"false"	"false"	"false"	"false"	"true"	""	""	"pagefound"	"2026-05-17 13:24:39"	"2026-10-02 06:19:36"	""	""	"User content > Forum"	"Health > Nutrition > Restricted diets; Food > Recipes; Shopping > Consumer > Discount; Society"
"www.Darefoods.com - Dare Foods"	"http://urlm.com.br/www.darefoods.com"	"pt"	""	"200"	"11"	"0"	"1494"	"0"	"3"	"5"	"0"	"0"	"http://www.healthcheck.org/"	""	"healthcheck.org"	"Health Check Program"	"http://urlm.com.br/g/u/h/246570"	"302"	"text"	"false"	"true"	"true"	"false"	"false"	"false"	"true"	""	""	"linkrestored"	"2024-10-13 16:11:16"	"2026-07-16 08:51:10"	""	""	""	""
"Healthy Eating for Seniors - Traditional Chinese version"	"https://www2.gov.bc.ca/assets/gov/people/seniors/about-seniorsbc/pdf/hefs_chinese.pdf"	"zh-tw"	""	"200"	"91"	"0"	"1348836"	"1"	"23"	"36"	"0"	"0"	"https://www.healthcheck.org/"	"「加拿大心臟及中風基金會」也負責一項名為 Health Check™的項目運作。這是一個全國性的 非牟利食物資訊計劃，向消費者提供一套有關 食肆餐牌和食物包裝的快速參考指引 (以符號表 示)。印有這個符號的食品，保證符合《加拿大 食物指南》特定之營養標準。詳情請上網瀏覽"	"www.healthcheck.org"	"。"	""	""	"text"	"false"	"true"	"true"	"false"	"false"	"false"	"true"	""	""	"linkfound"	"2026-09-28 12:57:04"	"2026-09-28 12:57:04"	""	"Ministry of Health"	"Document > White paper"	"Health > Geriatrics > Alzheimer's disease; Society > Retirement; Food > Recipes > Healthy eating"
"www.Marketplaceiga.com - MarketPlace IGA Grocery Stores"	"http://urlm.nl/www.marketplaceiga.com"	"nl"	""	"200"	"15"	"0"	"336"	"0"	"11"	"24"	"0"	"0"	"http://www.healthcheck.org/"	""	"healthcheck.org"	"Health Check Program"	"http://urlm.nl/g/o/m/11082265"	"302"	"text"	"false"	"true"	"true"	"false"	"false"	"false"	"true"	""	""	"linkrestored"	"2025-03-03 05:06:54"	"2026-08-20 00:32:50"	""	""	"Listing > Business"	"Food > Retailers > Convenience stores; Shopping > Department stores; Business > Retail trade > Technology"
"Health Check"	"https://olps.co.za/kiwix/content/wikipedia_en_all_maxi_2024-01/A/Health_Check"	"en"	""	"200"	"5"	"0"	"42"	"0"	"8"	"25"	"0"	"0"	"https://www.healthcheck.org/page/nutrient-criteria-grocery-0"	"| Heart & Stroke; Health Check Program"" .www.healthcheck.org. Archived from"	"the original"	"on 2010-11-15."	"http://www.healthcheck.org/page/nutrient-criteria-grocery-0"	"301"	"text"	"false"	"true"	"false"	"false"	"false"	"false"	"true"	""	""	"pagefound"	"2026-09-16 04:39:16"	"2026-09-16 04:39:16"	""	""	"Article > Wiki"	"Health > Nutrition > Restricted diets; Food > Food > Natural foods; Business"
"Heart & Stroke/Health Check $1000 4 grocery!"	"https://forum.smartcanucks.ca/274045-heart-stroke-health-check-1000-4-grocery-canada/"	"en"	"message-boards"	"200"	"48"	"0"	"376913"	"0"	"25"	"44"	"0"	"0"	"https://www.healthcheck.org/instylecontest/home"	""	"http://www.healthcheck.org/instylecontest/home"	""	"http://www.healthcheck.org/instylecontest/home"	"301"	"text"	"false"	"true"	"false"	"false"	"false"	"false"	"true"	""	""	"linkfound"	"2026-09-03 05:29:38"	"2026-09-21 04:01:07"	""	""	"User content > Forum"	"Food > Food > Sweets; Shopping > Special event items > Gifts; Health > Nutrition; Leisure > Promotional giveaways"
"Heart & Stroke Health Check ""Meal Time Makeover"" 10winners *join program"	"https://forum.smartcanucks.ca/180281-heart-stroke-health-check-meal-time-makeover-10winners-join-program-canada/"	"en"	"message-boards"	"200"	"48"	"0"	"376913"	"0"	"20"	"40"	"0"	"0"	"http://www.healthcheck.org/contest/prizes"	""	"http://www.healthcheck.org/contest/prizes"	""	""	""	"text"	"false"	"true"	"false"	"false"	"false"	"false"	"true"	""	""	"pagefound"	"2026-05-17 13:24:39"	"2026-10-02 06:19:36"	""	""	"User content > Forum"	"Health > Nutrition > Restricted diets; Food > Recipes; Shopping > Consumer > Discount; Society"
"Top 10: Some of the worst foods for your heart’s health - National | Globalnews.ca"	"http://cbcmoney.live/news/436462/top-10-some-of-the-worst-foods-for-your-hearts-health/"	"en"	"wordpress"	"200"	"0"	"0"	"0"	"0"	"12"	"20"	"0"	"0"	"https://www.healthcheck.org/node/11157"	"Month in Canada, Global News asked Heart and Stroke dietician"	"Carol Dombrow"	"for her picks for worst foods for your heart’s health."	"http://www.healthcheck.org/node/11157"	"301"	"text"	"false"	"true"	"false"	"false"	"false"	"false"	"true"	""	""	"pagefound"	"2026-07-21 00:02:27"	"2026-07-21 00:02:27"	""	"Carmen Chai"	""	""
"Enter NOV 1 to win 1 of 14 Schwinn Bicycles from Healthcheck."	"https://forum.smartcanucks.ca/47498-enter-nov-1-win-1-14-schwinn-bicycles-healthcheck-canada/"	"en"	"message-boards"	"200"	"48"	"0"	"376913"	"0"	"20"	"37"	"0"	"0"	"https://www.healthcheck.org/en/home/home.html"	"Go to:"	"http://www.healthcheck.org/en/home/home.html#"	"and click on the image shown on right hand side"	"http://www.healthcheck.org/en/home/home.html"	"308"	"text"	"false"	"true"	"false"	"false"	"false"	"false"	"true"	""	""	"linkrestored"	"2026-05-02 07:59:20"	"2026-09-29 21:09:21"	""	""	"User content > Forum"	"Sports > Individual sports > Cycling; Autos > Bicycles; Shopping > Consumer > Discount"
"Ten things you didn't know about fat"	"https://www.theage.com.au/lifestyle/health-and-wellness/ten-things-you-didnt-know-about-fat-20140715-zt82j.html"	"en"	""	"200"	"86"	"0"	"849241"	"1"	"36"	"80"	"0"	"0"	"http://www.healthcheck.org/page/different-types-fat"	"There are"	"four main types"	"of fats in our foods: polyunsaturated, monounsaturated, saturated and transfats."	""	""	"text"	"false"	"false"	"false"	"false"	"false"	"true"	"true"	""	""	"pagefound"	"2026-05-10 19:54:51"	"2026-09-18 04:47:37"	""	"Tom Sanders"	"Article > Listicle"	"Health > Nutrition > Restricted diets; Beauty > Weight loss; Food > Food > Natural foods"
"www.Healthcheck.org - Heart&Stroke Health Check Program"	"http://urlm.co.uk/www.healthcheck.org"	"en"	""	"200"	"25"	"0"	"2373"	"0"	"4"	"5"	"0"	"0"	"https://www.healthcheck.org/"	""	"Go to website"	""	"http://www.healthcheck.org/"	"301"	"text"	"false"	"false"	"true"	"false"	"false"	"false"	"true"	""	""	"pagefound"	"2026-08-12 10:32:00"	"2026-08-12 10:32:00"	""	""	"Listing > Business"	"Health > Nutrition > Restricted diets; Food; Business"
"Heart & Stroke Health Check- Nutrition Makeover Contest"	"https://forum.smartcanucks.ca/181642-heart-stroke-health-check-nutrition-makeover-contest-canada/"	"en"	"message-boards"	"200"	"48"	"0"	"376913"	"0"	"19"	"33"	"0"	"0"	"https://www.healthcheck.org/contest/home"	""	"http://www.healthcheck.org/contest/home"	""	"http://www.healthcheck.org/contest/home"	"301"	"text"	"false"	"true"	"false"	"false"	"false"	"false"	"true"	""	""	"linkfound"	"2026-09-03 14:38:18"	"2026-09-21 08:43:37"	""	""	"User content > Forum"	"Health > Nutrition > Restricted diets; Food > Recipes > Healthy eating; Shopping > Consumer > Discount; Leisure > Promotional giveaways; Society; Beauty > Weight loss"
"★ Health: Directory of Canada"	"https://www.canadian1.net/directory/Health/"	"en"	""	"200"	"0.9"	"0"	"0"	"1"	"59"	"92"	"0"	"0"	"http://www.healthcheck.org/"	""	"Health Check"	""	""	""	"text"	"false"	"true"	"true"	"false"	"false"	"true"	"true"	""	""	"pagefound"	"2021-05-26 20:55:21"	"2026-09-22 00:04:01"	""	""	"Listing collection > Business"	"Health > Medical services > Doctors' offices; Reference > Listings > Business; Business > Business services"
"Ten Things You Need To Know About Fat"	"https://articleindex.com/articles/living/health/food-and-nutrition/9600-ten-things-you-need-to-know-about-fat.html"	"en"	""	"200"	"2.1"	"0"	"0"	"0"	"22"	"33"	"0"	"0"	"http://www.healthcheck.org/page/different-types-fat"	"There are"	"four main types"	"of fats in our foods: polyunsaturated, monounsaturated, saturated and transfats."	""	""	"text"	"false"	"true"	"false"	"false"	"false"	"false"	"true"	""	""	"linkfound"	"2026-09-11 07:40:22"	"2026-09-11 07:40:22"	""	"Tom Sanders"	"Article > Listicle"	"Health > Nutrition > Restricted diets; Food > Food > Natural foods"
"Weighty Matters: $3,016,000"	"http://www.weightymatters.ca/2007/11/3016000.html"	"en"	""	"200"	"47"	"0"	"47"	"0"	"9"	"22"	"0"	"0"	"https://www.healthcheck.org/page/grocery-product-licensee-fees"	"spreadsheet here , but based on the posted Health Check"	"fees"	"and program participants , Health Check seems to generate a"	"http://www.healthcheck.org/page/grocery-product-licensee-fees"	"301"	"text"	"false"	"true"	"false"	"false"	"false"	"false"	"true"	""	""	"linkrestored"	"2023-07-29 21:16:06"	"2026-09-02 16:29:32"	""	""	"Article > Opinion"	"Health > Nutrition > Restricted diets; Beauty > Weight loss"
"www.Myhusky.ca - Home"	"http://urlm.com.br/www.myhusky.ca"	"pt"	""	"200"	"11"	"0"	"1494"	"0"	"4"	"7"	"0"	"0"	"https://www.healthcheck.org/"	""	"healthcheck.org"	"Health Check Program"	"http://urlm.com.br/g/u/h/246570, http://www.healthcheck.org/"	"302, 301"	"text"	"false"	"true"	"true"	"false"	"false"	"false"	"true"	""	""	"linkfound"	"2026-07-02 11:10:43"	"2026-07-02 11:10:43"	""	""	""	""
"medone.com.hk alternatives - similar sites like medone.com.hk"	"https://www.sitelike.org/similar/medone.com.hk/"	"ja, en"	""	"200"	"63"	"0"	"101897"	"0"	"17"	"20"	"0"	"0"	"https://www.healthcheck.org/"	"healthcheck.org"	"healthcheck.org"	""	""	""	"image"	"false"	"true"	"true"	"false"	"false"	"false"	"true"	""	""	"linkfound"	"2026-09-02 00:27:25"	"2026-09-09 02:49:10"	""	""	"Listing collection > Product"	"Health > Nutrition > Restricted diets; Shopping > Consumer > Price comparisons; Internet > Web services > Development; Business"
"Toronto Directory Real Estate Ontario Canada Directory and GTA Toronto business Hotels and lawyers listings and yellow pages- Health > Page 8"	"https://www.gtawebdirectory.com/health/?s=H&p=49"	"en"	""	"200"	"13"	"0"	"0"	"0"	"11"	"15"	"0"	"0"	"https://www.healthcheck.org/"	""	"Health Check"	""	"http://www.healthcheck.org/"	"301"	"text"	"false"	"true"	"false"	"false"	"false"	"false"	"true"	""	""	"linkfound"	"2026-04-26 20:23:33"	"2026-04-26 20:23:33"	""	""	""	""
"Exploring the Health Impacts: Are E Cigs Worse Than Traditional Cigarettes?"	"https://supyarmahal.com/starter-kits/223.html"	"en"	"wordpress"	"200"	"30"	"0"	"0"	"0"	"11"	"20"	"0"	"0"	"https://www.healthcheck.org/e-cigs-vs-cigarettes"	"negate the significance of other toxic substances found in e-cigs."	"Studies"	"reveal potential risks linked to the inhalation of heavy metals"	""	""	"text"	"true"	"true"	"false"	"false"	"false"	"false"	"true"	""	""	"pagefound"	"2025-08-25 09:33:30"	"2026-08-11 01:33:43"	""	""	""	""
"Health Check - Details -"	"https://www.gtawebdirectory.com/detail/health-check-1324.htm"	"en"	""	"200"	"13"	"0"	"0"	"0"	"2"	"2"	"0"	"0"	"http://www.healthcheck.org/"	"'-"	"http://www.healthcheck.org"	""	""	""	"text"	"false"	"true"	"false"	"false"	"false"	"false"	"true"	""	""	"pagefound"	"2021-08-02 09:56:10"	"2026-09-03 02:30:23"	""	""	"Listing > Business"	"Health > Public health > Health policy; Food > Food > Natural foods; Jobs and education > Education; Business"
"[Daily] [Merged] 2012/09/09 - Heart & Stroke - ""Time to Start"" $1,000 GC (10 winners, QC yes) - Page 2 - RedFlagDeals.com Forums"	"https://forums.redflagdeals.com/merged-2012-09-09-heart-stroke-time-start-1-000-gc-10-winners-qc-yes-1217778/2/"	"en"	"message-boards"	"200"	"69"	"0"	"998552"	"0"	"11"	"17"	"0"	"0"	"https://www.healthcheck.org/timetostartcontest/rules"	"Rules:"	"http://www.healthcheck.org/timetostartcontest/rules"	""	"http://www.healthcheck.org/timetostartcontest/rules"	"301"	"text"	"false"	"true"	"true"	"false"	"false"	"false"	"true"	""	""	"linkrestored"	"2021-07-11 09:56:18"	"2026-09-13 22:50:47"	""	""	"User content > Forum"	"Games > Gambling > Lottery; Leisure > Contests; Sports; Entertainment"
"Health Check"	"https://wikipedia.nlaha.com/content/wikipedia_en_all_maxi_2024-01/A/Health_Check"	"en"	""	"200"	"6"	"0"	"0"	"0"	"8"	"25"	"0"	"0"	"http://www.healthcheck.org/faq"	""	"FAQ | Heart & Stroke Health Check Program"	""	""	""	"text"	"false"	"true"	"false"	"false"	"false"	"false"	"true"	""	""	"pagefound"	"2026-09-11 17:56:59"	"2026-09-11 17:56:59"	""	""	"Article > Wiki"	"Health > Nutrition > Restricted diets; Food > Food > Natural foods; Business"
"News: Heart and Stroke Foundation ends Health Check program"	"https://www.besthealthmag.ca/article/news-heart-and-stroke-foundation-ends-health-check-program/"	"en"	"wordpress"	"200"	"75"	"0"	"33938"	"0"	"14"	"21"	"0"	"0"	"http://www.healthcheck.org/story/health-check-exit"	"Check is no longer the right program for the time."""	"reads a statement of the Health Check website"	"."	""	""	"text"	"false"	"true"	"true"	"false"	"false"	"false"	"true"	""	""	"linkrestored"	"2021-03-30 09:00:18"	"2026-09-21 17:13:19"	""	""	"Article > News"	"Health > Nutrition > Restricted diets; Food > Retailers > Convenience stores; Business; News"
"Heart&Stroke - Eat Well & Win 1 of 10 $1000 grocery gift card (exp. Sept. 9) QC OK - Page 2 - RedFlagDeals.com Forums"	"https://forums.redflagdeals.com/heart-stroke-eat-well-win-1-10-1000-grocery-gift-card-exp-sept-9-qc-ok-1073267/2/"	"en"	"message-boards"	"200"	"69"	"0"	"998552"	"0"	"11"	"16"	"0"	"0"	"https://www.healthcheck.org/backtoschool/home"	""	"http://www.healthcheck.org/backtoschool/home"	""	"http://www.healthcheck.org/backtoschool/home"	"308"	"text"	"false"	"false"	"true"	"false"	"false"	"false"	"true"	""	""	"linkfound"	"2026-09-15 19:26:04"	"2026-09-15 19:26:04"	""	""	"User content > Forum"	"Food > Food; Shopping > Consumer > Discount; Health > Nutrition"
"McDonald's Archives - Page 3 of 5 - Food Politics by Marion Nestle"	"https://www.foodpolitics.com/tag/mcdonalds/page/3/"	"en"	"wordpress"	"200"	"69"	"0"	"2300"	"0"	"33"	"62"	"0"	"0"	"http://www.healthcheck.org/story/british-columbia-pizza-huts-get-a-health-check-pizza-hut"	"participation in the program on its website. [Update February 3:"	"Pizza Hut has now announced its participation"	"in the program]"	""	""	"text"	"false"	"true"	"false"	"false"	"false"	"false"	"true"	""	""	"pagefound"	"2022-05-23 21:46:49"	"2026-04-11 03:08:54"	""	""	""	""
"Becel"	"https://gateway.ipfs.cybernode.ai/ipfs/QmXoypizjW3WknFiJnKLwHCnL72vedxjQkDDP1mXWo6uco/wiki/Becel.html"	"en"	""	"200"	"5"	"0"	"0"	"0"	"27"	"52"	"0"	"0"	"http://www.healthcheck.org/product/original-non-hydrogenated-margarine-7-g-foodservice-item"	"Heart and Stroke Foundation."	"""Health Check Symbol and Becel"""	""	""	""	"text"	"false"	"true"	"false"	"false"	"false"	"false"	"true"	""	""	"linkfound"	"2026-06-13 12:43:42"	"2026-06-13 12:43:42"	""	""	""	""
"Experiment to Learn the Amount of Iron in Iron Tablets"	"https://www.essaycompany.com/essays/chemistry/experiment-learn-amount-iron-iron-2913"	"en"	""	"200"	"10"	"0"	"1"	"0"	"26"	"33"	"0"	"0"	"https://www.healthcheck.org/page/nutrients-women%3E"	"Heart and Stroke Foundation (2015)Nutrients for women[Online] Available from: <"	"http://www.healthcheck.org/page/nutrients-women>"	"(Accessed on 22 April 2015)"	"http://www.healthcheck.org/page/nutrients-women%3E"	"301"	"text"	"false"	"true"	"true"	"false"	"false"	"false"	"true"	""	""	"linkfound"	"2026-04-20 12:05:14"	"2026-06-19 12:23:37"	""	""	""	""
"5 healthy fast food swaps | Globalnews.ca"	"http://cbcmoney.live/news/657506/5-healthy-fast-food-swaps/"	"en"	"wordpress"	"200"	"0"	"0"	"0"	"0"	"15"	"23"	"0"	"0"	"https://www.healthcheck.org/node/11157"	"to fast food have difficult choices to make, registered dietician"	"Carol Dombrow"	"told Global News. She’s been a dietician with the Heart"	"http://www.healthcheck.org/node/11157"	"301"	"text"	"false"	"true"	"false"	"false"	"false"	"false"	"true"	""	""	"pagefound"	"2026-07-19 05:24:22"	"2026-07-19 05:24:22"	""	"Carmen Chai"	""	""
"Health Check"	"https://wikipedia.nlaha.com/content/wikipedia_en_all_maxi_2024-01/A/Health_Check"	"en"	""	"200"	"6"	"0"	"0"	"0"	"8"	"25"	"0"	"0"	"http://www.healthcheck.org/page/nutrient-criteria-grocery-0"	"| Heart & Stroke; Health Check Program"" .www.healthcheck.org. Archived from"	"the original"	"on 2010-11-15."	""	""	"text"	"false"	"true"	"false"	"false"	"false"	"false"	"true"	""	""	"pagefound"	"2026-09-11 17:56:59"	"2026-09-11 17:56:59"	""	""	"Article > Wiki"	"Health > Nutrition > Restricted diets; Food > Food > Natural foods; Business"
"Montreal Directory Quebec Canada Directroy and Greater Montreal Area Montreal business listings and yellow pages- Health > Page 2"	"https://www.gmawebdirectory.com/health/?s=H&p=13"	"en"	""	"200"	"54"	"0"	"0"	"0"	"14"	"23"	"0"	"0"	"http://www.healthcheck.org/"	""	"Health Check"	""	""	""	"text"	"false"	"true"	"false"	"false"	"false"	"false"	"true"	""	""	"linkrestored"	"2022-04-05 15:40:16"	"2026-04-20 20:50:35"	""	""	""	""
"5 healthy fast food swaps | Globalnews.ca"	"https://cbcmoney.live/news/657506/5-healthy-fast-food-swaps/"	"en"	"wordpress"	"200"	"0"	"0"	"0"	"0"	"15"	"23"	"0"	"0"	"http://www.healthcheck.org/node/11157"	"to fast food have difficult choices to make, registered dietician"	"Carol Dombrow"	"told Global News. She’s been a dietician with the Heart"	""	""	"text"	"false"	"true"	"false"	"false"	"false"	"false"	"true"	""	""	"linkfound"	"2026-07-19 19:44:08"	"2026-07-19 19:44:08"	""	"Carmen Chai"	""	""
"Heart Disease"	"https://www.bcwomens.ca/health-info/living-with-illness/heart-disease?TermStoreId=1def2781-2624-4e61-a87a-b7ad326f7864&TermSetId=d90e7c88-9586-427c-a596-927570efad7b&TermId=58118dfd-8a7e-4103-aacd-4f6392b1cb69"	"en"	""	"200"	"63"	"0"	"3857"	"0"	"9"	"13"	"0"	"0"	"http://www.healthcheck.org/"	""	"Health Check Food Information Program"	""	""	""	"text"	"false"	"false"	"false"	"false"	"false"	"false"	"true"	""	""	"pagefound"	"2025-10-01 06:45:33"	"2026-04-13 20:12:48"	""	""	""	""
"www.Whitespot.ca - Family Restaurants | White Spot"	"http://urlm.com.br/www.whitespot.ca"	"pt"	""	"200"	"11"	"0"	"1494"	"0"	"4"	"6"	"0"	"0"	"http://www.healthcheck.org/"	""	"healthcheck.org"	"Health Check Program"	"http://urlm.com.br/g/u/h/246570"	"302"	"text"	"false"	"true"	"true"	"false"	"false"	"false"	"true"	""	""	"linkrestored"	"2024-11-25 18:28:52"	"2026-08-01 14:03:15"	""	""	""	""
"Top 10: Some of the worst foods for your heart’s health - National | Globalnews.ca"	"http://cbcmoney.live/news/436462/top-10-some-of-the-worst-foods-for-your-hearts-health/"	"en"	"wordpress"	"200"	"0"	"0"	"0"	"0"	"12"	"20"	"0"	"0"	"http://www.healthcheck.org/node/11157"	"Month in Canada, Global News asked Heart and Stroke dietician"	"Carol Dombrow"	"for her picks for worst foods for your heart’s health."	""	""	"text"	"false"	"true"	"false"	"false"	"false"	"false"	"true"	""	""	"pagefound"	"2026-07-21 00:02:27"	"2026-07-21 00:02:27"	""	"Carmen Chai"	""	""
"The Bussey Family: What will make my poop soft?"	"http://www.thebusseyfamily.ca/2007/09/what-will-make-my-poop-soft.html"	"en"	""	"200"	"0"	"0"	"0"	"0"	"6"	"9"	"0"	"0"	"http://www.healthcheck.org/"	"You've heard of the"	"Health Check"	". I think around here we're going to create the"	""	""	"text"	"false"	"true"	"false"	"false"	"false"	"false"	"true"	""	""	"pagefound"	"2013-08-09 23:07:43"	"2026-09-24 12:48:38"	""	""	"Article > How-to"	"Food > Recipes > Healthy eating; Health > Nutrition > Restricted diets; Communities; Society"
"Canadian Daily Deals: Safeway Canada: Eat Healthy Earn Bonus Air Miles (BC Only)"	"http://www.canadiandailydeals.com/2011/06/safeway-canada-eat-healthy-earn-bonus.html"	"en"	""	"200"	"9"	"0"	"17"	"0"	"8"	"10"	"0"	"0"	"http://www.healthcheck.org/AIR%20MILES/landing%20page"	""	"Click here for more information."	""	""	""	"text"	"true"	"true"	"false"	"false"	"false"	"false"	"true"	""	""	"pagefound"	"2013-10-24 15:29:14"	"2026-09-01 07:44:46"	""	""	"Article > News"	"Food > Retailers > Convenience stores; Shopping > Consumer > Discount"
"New Divine.ca Review Squad-Post Grape Nuts Cereal"	"https://forum.smartcanucks.ca/130580-new-divine-ca-review-squad-post-grape-nuts-cereal-canada-print/"	"en"	"message-boards"	"200"	"48"	"0"	"376913"	"0"	"5"	"12"	"0"	"0"	"http://www.healthcheck.org/"	"of the daily recommended intake. Plus, it qualified for the"	"Heart and Stroke Foundations Health CheckTM Program"	", so you know that youre making a smart, nutritious"	""	""	"text"	"false"	"true"	"false"	"false"	"false"	"false"	"true"	""	""	"pagefound"	"2026-05-12 03:58:44"	"2026-10-02 12:14:08"	""	""	"User content > Reviews"	"Food > Food > Breakfast foods; Health > Nutrition > Restricted diets; Shopping > Consumer > Price comparisons"
"WIN 1 of 20 Bonnie Stern Cookbooks."	"https://forum.smartcanucks.ca/47497-win-1-20-bonnie-stern-cookbooks-canada/"	"en"	"message-boards"	"200"	"48"	"0"	"376913"	"0"	"21"	"38"	"0"	"0"	"http://www.healthcheck.org/en/home/home.html"	""	"http://www.healthcheck.org/en/home/home.html#"	""	""	""	"text"	"false"	"true"	"false"	"false"	"false"	"false"	"true"	""	""	"pagefound"	"2025-08-25 19:53:40"	"2026-09-25 21:20:21"	""	""	"User content > Forum"	"Food > Recipes > Culinary training; Shopping > Consumer > Discount; Books"
"What you should be eating to lower your blood pressure - National | Globalnews.ca"	"https://cbcmoney.live/news/458080/what-you-should-be-eating-to-lower-your-blood-pressure/"	"en"	"wordpress"	"200"	"0"	"0"	"0"	"0"	"13"	"21"	"0"	"0"	"http://www.healthcheck.org/node/11157"	"Global News spoke with Heart and Stroke dietician"	"Carol Dombrow"	"for her picks of healthy foods that do double duty"	""	""	"text"	"false"	"true"	"false"	"false"	"false"	"false"	"true"	""	""	"linkfound"	"2026-07-22 11:56:22"	"2026-07-22 11:56:22"	""	"Carmen Chai"	""	""
"Show Your Heart, You Care!"	"https://www.myoptimity.com/blog/show-your-heart-you-care"	"en"	""	"200"	"40"	"0"	"1186"	"0"	"11"	"13"	"0"	"0"	"http://www.healthcheck.org/"	"nutritional tips and recipes you can visit the health check"	"site"	".Stay activeThe best approach for overall good health is good"	""	""	"text"	"false"	"true"	"false"	"false"	"false"	"false"	"true"	""	""	"pagefound"	"2025-04-04 12:27:21"	"2026-09-17 16:39:08"	""	""	"Article > Opinion"	"Health > Health conditions > Hypertension; Finance > Insurance > Health insurance"
"Weighty Matters: 2011 Weighty Matters Annual Report on the Heart and Stroke Foundation"	"http://www.weightymatters.ca/2011/02/2011-weighty-matters-annual-report-on.html"	"en"	""	"200"	"47"	"0"	"47"	"0"	"16"	"31"	"0"	"0"	"http://www.healthcheck.org/sites/default/files/editor/HealthCheck_NutrientCriteria_Retail_October09.pdf"	"labeling program that thinks 3-4 nutritional determinants of food are"	"all that matter"	"."	""	""	"text"	"false"	"true"	"false"	"false"	"false"	"false"	"true"	""	""	"pagefound"	"2013-08-10 02:38:15"	"2026-10-02 14:16:27"	""	""	"Article > Opinion"	"Health > Nutrition > Restricted diets; Beauty > Weight loss"
"[Daily] [Merged] 2012/09/09 - Heart & Stroke - ""Time to Start"" $1,000 GC (10 winners, QC yes) - Page 2 - RedFlagDeals.com Forums"	"https://forums.redflagdeals.com/merged-2012-09-09-heart-stroke-time-start-1-000-gc-10-winners-qc-yes-1217778/2/"	"en"	"message-boards"	"200"	"69"	"0"	"998552"	"0"	"11"	"17"	"0"	"0"	"http://www.healthcheck.org/timetostartcontest/enter"	"Enter:"	"http://www.healthcheck.org/timetostartcontest/enter"	""	""	""	"text"	"false"	"true"	"true"	"false"	"false"	"false"	"true"	""	""	"linkrestored"	"2019-01-26 08:26:21"	"2026-09-13 22:50:47"	""	""	"User content > Forum"	"Games > Gambling > Lottery; Leisure > Contests; Sports; Entertainment"
"Public Policies on Nutrition Labelling: Effects and Implementation Issues - A Knowledge Synthesis"	"https://ccnpps-ncchpp.ca/docs/Synthesis_nutrition_labelling_EN.pdf"	"en"	""	"200"	"42"	"0"	"129"	"0"	"69"	"148"	"0"	"0"	"http://www.healthcheck.org/"	"Health CheckTM"	"http://www.healthcheck.org/"	"(August 4, 2009)"	""	""	"text"	"false"	"true"	"false"	"false"	"false"	"false"	"true"	""	""	"linkfound"	"2026-09-25 17:59:15"	"2026-09-25 17:59:15"	""	""	"Document > Report"	"Health > Public health > Health policy; Government > Government > Public policy; Business > Biotech; Society"
"Heart & Stroke Health Check- Nutrition Makeover Contest"	"https://forum.smartcanucks.ca/181642-heart-stroke-health-check-nutrition-makeover-contest-canada-print/"	"en"	"message-boards"	"200"	"48"	"0"	"376913"	"0"	"4"	"11"	"0"	"0"	"http://www.healthcheck.org/contest/home"	""	"http://www.healthcheck.org/contest/home"	""	""	""	"text"	"false"	"true"	"false"	"false"	"false"	"false"	"true"	""	""	"linkfound"	"2026-09-14 05:39:47"	"2026-09-28 05:43:22"	""	""	"User content > Forum"	"Health > Nutrition > Restricted diets; Food > Recipes > Healthy eating"
"incomeXchange.com - A guide to Canada's best deals and contests"	"https://www.incomexchange.com/archive2K12.htm"	"en"	""	"200"	"0"	"0"	"3"	"0"	"973"	"5878"	"0"	"0"	"http://www.healthcheck.org/instylecontest/enter"	"Enter to"	"win a trip to The Heart Truth Fashion Show or one of ten $1,000 grocery gift cards"	"from The Heart & Stroke Foundation."	""	""	"text"	"false"	"true"	"false"	"false"	"false"	"false"	"true"	""	""	"pagefound"	"2026-02-01 00:53:31"	"2026-09-22 20:56:05"	""	""	"Listing collection > Product"	"Shopping > Consumer > Discount; Computers and electronics > Consumer electronics; Leisure > Promotional giveaways; Business"
"[Daily] [Daily] [Merged] Health Check ""Healthy food is in Style"" (exp. Feb 26/12) - RedFlagDeals.com Forums"	"https://forums.redflagdeals.com/daily-merged-health-check-healthy-food-style-exp-feb-26-12-a-1139705/"	"en"	"message-boards"	"200"	"69"	"0"	"998552"	"0"	"14"	"24"	"0"	"0"	"https://www.healthcheck.org/instylecontest/home"	"Enter:"	"http://www.healthcheck.org/instylecontest/home"	""	"http://www.healthcheck.org/instylecontest/home"	"301"	"text"	"false"	"true"	"true"	"false"	"false"	"false"	"true"	""	""	"linkrestored"	"2021-07-17 13:47:34"	"2026-08-20 13:53:12"	""	""	"User content > Forum"	"Food > Food; Health > Nutrition > Restricted diets; Shopping > Consumer > Discount"
"Heart&Stroke - Eat Well & Win 1 of 10 $1000 grocery gift card (exp. Sept. 9) QC OK - RedFlagDeals.com Forums"	"https://forums.redflagdeals.com/heart-stroke-eat-well-win-1-10-1000-grocery-gift-card-exp-sept-9-qc-ok-1073267/"	"en"	"message-boards"	"200"	"69"	"0"	"998552"	"0"	"13"	"23"	"0"	"0"	"http://www.healthcheck.org/contest/daily"	"The link to use (for your contest links/bookmarks) is"	"http://www.healthcheck.org/contest/daily"	"."	""	""	"text"	"false"	"true"	"true"	"false"	"false"	"false"	"true"	""	""	"linkrestored"	"2024-04-07 03:22:43"	"2026-09-08 01:02:27"	""	""	"User content > Forum"	"Food > Food > Snack foods; Shopping > Consumer > Discount; Health > Nutrition"
"Hometown Pork - Fresh, Local Wholesome Pork - Canada"	"https://hometownpork.ca/"	"en"	""	"200"	"0"	"0"	"0"	"990"	"4"	"4"	"0"	"0"	"http://www.healthcheck.org/"	""	""	""	""	""	"image"	"false"	"false"	"false"	"false"	"false"	"false"	"true"	""	""	"pagefound"	"2022-07-29 14:05:17"	"2026-10-02 11:30:44"	""	""	"Site page > Home"	"Food > Food > Seafood; Business > Forestry > Ranches"
"新学期　健康食谱募集竞赛　吃出健康-学在加拿大"	"https://www.canadaonline.cn/article/2255.html"	"zh-cn"	""	"200"	"26"	"0"	"0"	"0"	"5"	"8"	"0"	"0"	"http://www.healthcheck.org/contest/enter"	"　　主办单位会从十个省份各选出一名优胜者，并可分别获得价值1000元的购物礼品卡、瓶装水及食谱等奖品。欲参加竞赛者，可上网"	"www.healthcheck.org/contest/enter"	"查询活动内容、截止日期或下载参赛作品。"	""	""	"text"	"false"	"true"	"false"	"false"	"false"	"false"	"true"	""	""	"pagefound"	"2024-08-21 05:59:37"	"2026-09-21 09:58:49"	""	""	"Article > News"	"Health > Nutrition > Restricted diets; Food > Recipes > Healthy eating; Jobs and education > Education > Secondary schooling; Society"
"ARTICLE – HEART HEALTH | EatWrite"	"https://www.eatwrite.com/article-heart-health/"	"en"	"wordpress"	"200"	"4.8"	"0"	"0"	"0"	"3"	"4"	"0"	"0"	"http://www.healthcheck.org/"	"living visit the Heart and Stroke Foundation of Canada and"	"Healthcheck"	"."	""	""	"text"	"false"	"true"	"false"	"false"	"false"	"false"	"true"	""	""	"pagefound"	"2023-09-26 21:33:03"	"2026-09-24 19:03:19"	""	""	"Article > Guide"	"Health > Nutrition > Restricted diets; Food > Food > Vegetables"
"RELATED LINKS"	"https://www.oocities.org/srmd2002ca/links.htm"	""	""	"200"	"74"	"0"	"23156"	"0"	"8"	"10"	"0"	"0"	"http://www.healthcheck.org/english/e_home.html"	""	"www.healthcheck.org --> Health Check website"	""	""	""	"text"	"false"	"true"	"false"	"false"	"false"	"false"	"true"	""	""	"pagefound"	"2026-09-21 10:18:12"	"2026-09-21 10:18:12"	""	""	"Site page > Contact"	"Health > Nutrition; Internet > Web services > Analytics; Beauty > Fitness > Health clubs; Reference > Listings > Business; Communities"
"5 tips to help make healthy eating decisions while on vacation | Globalnews.ca"	"https://globalnews.ca/news/733060/5-tips-to-help-make-healthy-eating-decisions-while-on-vacation/"	"en"	"wordpress"	"200"	"89"	"0"	"2601134"	"0"	"12"	"20"	"0"	"0"	"https://www.healthcheck.org/node/11157"	"control over what’s being put in your meals,” registered dietician"	"Carol Dombrow"	"told Global News."	"http://www.healthcheck.org/node/11157"	"301"	"text"	"false"	"true"	"false"	"false"	"false"	"false"	"true"	""	""	"linkrestored"	"2021-04-30 02:03:50"	"2026-09-25 23:43:39"	""	"Carmen Chai"	"Article > Listicle"	"Health > Nutrition > Restricted diets; Food > Recipes > Healthy eating; Travel > Specialty travel > Family travel"
"[Daily] 2014/05/18 Heart and Stroke Foundation Eat for a Healthy Beat Contest - RedFlagDeals.com Forums"	"https://forums.redflagdeals.com/2014-05-18-heart-stroke-foundation-eat-healthy-beat-contest-1478718/"	"en"	"message-boards"	"200"	"69"	"0"	"998552"	"0"	"12"	"18"	"0"	"0"	"http://www.healthcheck.org/healthybeat14/contest"	"Enter : https://www.facebook.com/EatForAHealthy ... 6185118085 or"	"http://www.healthcheck.org/healthybeat14/contest"	""	""	""	"text"	"false"	"false"	"true"	"false"	"false"	"false"	"true"	""	""	"pagefound"	"2026-04-16 04:13:00"	"2026-09-07 07:16:06"	""	""	"User content > Forum"	"Health > Health conditions; Leisure > Promotional giveaways; Shopping > Consumer > Discount; Food > Food"
"Montreal Directory Quebec Canada Directroy and Greater Montreal Area Montreal business listings and yellow pages- Health > Page 3"	"https://www.gmawebdirectory.com/health/page-3.html"	"en"	""	"200"	"54"	"0"	"0"	"0"	"15"	"23"	"0"	"0"	"http://www.healthcheck.org/"	""	"Health Check"	""	""	""	"text"	"false"	"true"	"false"	"false"	"false"	"false"	"true"	""	""	"linkrestored"	"2023-06-15 22:43:06"	"2026-09-10 10:35:57"	""	""	"Listing collection > Business"	"Health > Medical services > Doctors' offices; Reference > Listings > Business; Business"
"delivurr.ca competitors - Top 20 similar sites like delivurr.ca and alternatives"	"https://www.siteprice.org/competitors/delivurr.ca"	"en"	""	"200"	"72"	"0"	"69248"	"0"	"25"	"33"	"0"	"0"	"https://www.healthcheck.org/"	"healthcheck.org"	""	""	""	""	"text"	"false"	"false"	"true"	"false"	"false"	"false"	"true"	""	""	"linkfound"	"2026-09-30 01:51:18"	"2026-09-30 01:51:18"	""	""	"Article > Comparison"	"Internet > Web services > Development; Shopping > Consumer > Price comparisons; Business > Business services > E-commerce"
"Éducation physique et Éducation à la santé, 6e année - Programme d'études : document de mise en œuvre - Pour un mode de vie actif et sain"	"https://www.edu.gov.mb.ca/m12/frpub/ped/epes/sixieme/docs/document_complet.pdf"	"fr"	""	"200"	"86"	"0"	"257821"	"1"	"61"	"112"	"0"	"0"	"http://www.healthcheck.org/french/ff_home.html"	"FONDATION DES MALADIES DU CŒUR. Visez santé, [en ligne], 2002,"	"http://www.healthcheck.org/french/ff_home.html, (janvier 2003)."	""	""	""	"text"	"false"	"true"	"false"	"false"	"false"	"false"	"true"	""	""	"linkfound"	"2026-09-25 23:10:44"	"2026-09-25 23:10:44"	""	"Éducation Manitoba"	"Document > Manual"	"Health > Public health > Health policy; Jobs and education > Education > Secondary schooling"
"Public Policies on Nutrition Labelling: Effects and Implementation Issues - A Knowledge Synthesis"	"https://www.inspq.qc.ca/sites/default/files/publications/1254_applicationpolpubliquesaffichagenutrition_va.pdf"	"en"	""	"200"	"79"	"0"	"113390"	"0"	"76"	"176"	"0"	"0"	"http://www.healthcheck.org/"	"Health CheckTM"	"http://www.healthcheck.org/"	"(August 4, 2009) Centre for Science in the Public Interest"	""	""	"text"	"false"	"true"	"false"	"false"	"false"	"false"	"true"	""	""	"linkfound"	"2026-09-26 06:01:11"	"2026-09-26 06:01:11"	""	""	"Document > White paper"	"Health > Nutrition > Restricted diets; Business > Biotech; Government > Government > Public policy; Science > Biological sciences"
"NutriSystem Diet"	"https://www.empowher.com/media/reference/nutrisystem-diet"	"en"	""	"200"	"70"	"0"	"1517"	"0"	"9"	"14"	"0"	"0"	"http://www.healthcheck.org/"	""	"http://www.healthcheck.org/"	""	""	""	"text"	"false"	"false"	"true"	"false"	"false"	"false"	"true"	""	""	"pagefound"	"2024-10-05 10:03:26"	"2026-08-30 16:45:35"	""	""	"Article > Guide"	"Health > Nutrition > Restricted diets; Food > Food > Natural foods; Beauty > Weight loss"
"How much sugar should you be eating? How to follow WHO’s guidelines | Globalnews.ca"	"https://cbcmoney.live/news/1203149/how-much-sugar-should-you-be-eating-how-to-follow-whos-guidelines/"	"en"	"wordpress"	"200"	"0"	"0"	"0"	"0"	"13"	"24"	"0"	"0"	"https://www.healthcheck.org/page/katie-jessop-rd"	"you may not recognize as having any sugar in them,”"	"Katie Jessop"	", a registered dietitian with the Heart and Stroke Foundation"	"http://www.healthcheck.org/page/katie-jessop-rd"	"301"	"text"	"false"	"true"	"false"	"false"	"false"	"false"	"true"	""	""	"pagefound"	"2026-07-23 04:56:14"	"2026-07-23 04:56:14"	""	"Carmen Chai"	""	""
"Heart & Stroke Health Check ""Meal Time Makeover"" 10winners *join program"	"https://forum.smartcanucks.ca/180281-heart-stroke-health-check-meal-time-makeover-10winners-join-program-canada/"	"en"	"message-boards"	"200"	"48"	"0"	"376913"	"0"	"20"	"40"	"0"	"0"	"https://www.healthcheck.org/contest/prizes"	""	"http://www.healthcheck.org/contest/prizes"	""	"http://www.healthcheck.org/contest/prizes"	"308"	"text"	"false"	"true"	"false"	"false"	"false"	"false"	"true"	""	""	"linkfound"	"2026-10-02 06:19:36"	"2026-10-02 06:19:36"	""	""	"User content > Forum"	"Health > Nutrition > Restricted diets; Food > Recipes; Shopping > Consumer > Discount; Society"
"50 Fad Diets From the Previous That Do Extra Hurt Than Good – Miracle Money"	"https://www.etrafficlane.com/60dollarmiracle/50-fad-diets-from-the-past-that-do-more-harm-than-good"	"en"	"wordpress"	"200"	"36"	"0"	"0"	"0"	"27"	"42"	"0"	"0"	"https://www.healthcheck.org/rhubarb-diet/"	""	"This weight loss plan"	"requires people to consume rhubarb every day. It has to"	""	""	"text"	"false"	"true"	"true"	"false"	"false"	"false"	"true"	""	""	"linkfound"	"2026-08-30 19:57:50"	"2026-09-29 19:53:10"	""	""	"Article > Listicle"	"Beauty > Weight loss; Health > Nutrition > Restricted diets; Food > Recipes > Healthy eating; Business"
"Healthy Eating for Seniors"	"https://irp.cdn-website.com/be0f3f56/files/uploaded/HealthyEatingForSeniors.pdf"	"en"	""	"200"	"92"	"0"	"69228"	"1"	"24"	"36"	"0"	"0"	"https://www.healthcheck.org/"	"met specific nutrition criteria based on Canada's Food Guide. Visit"	"www.healthcheck.org"	"."	""	""	"text"	"false"	"true"	"false"	"false"	"false"	"false"	"true"	""	""	"linkfound"	"2026-10-02 13:01:48"	"2026-10-02 13:01:48"	""	""	"Article > Guide"	"Health > Nutrition > Restricted diets; Society > Retirement; Food > Recipes > Healthy eating"
"[Daily] 2013/09/08 Heart & Stroke Foundation $1,000 G/C (FB) - RedFlagDeals.com Forums"	"https://forums.redflagdeals.com/2013-09-08-heart-stroke-foundation-1-000-g-c-fb-1373481/"	"en"	"message-boards"	"200"	"69"	"0"	"998552"	"0"	"13"	"29"	"0"	"0"	"https://www.healthcheck.org/2013/rules_en.php"	"Rules:"	"http://www.healthcheck.org/2013/rules_en.php"	"(EN) and http://www.healthcheck.org/2013/rules_fr.php (FR)"	"http://www.healthcheck.org/2013/rules_en.php"	"301"	"text"	"false"	"true"	"true"	"false"	"false"	"false"	"true"	""	""	"linkfound"	"2026-05-25 06:51:42"	"2026-08-23 07:10:15"	""	""	"User content > Forum"	"Health > Health conditions > Hypertension; Shopping > Consumer > Price comparisons; Communities"
"Health Check"	"https://a.osmarks.net/content/wikipedia_en_all_maxi_2020-08/A/Health_Check"	"en"	""	"200"	"37"	"0"	"6461"	"0"	"9"	"26"	"0"	"0"	"http://www.healthcheck.org/page/helping-you-eat-well"	""	"Helping You Eat Well | Heart&Stroke Health Check Program"	""	""	""	"text"	"false"	"true"	"false"	"false"	"false"	"false"	"true"	""	""	"pagefound"	"2026-08-03 12:11:44"	"2026-08-03 12:11:44"	""	""	""	""
"Health Check"	"https://kiwix.enszfarms.org/content/wikipedia_en_all_maxi_2025-08/Health_Check"	"en"	""	"200"	"3.5"	"0"	"0"	"0"	"8"	"22"	"0"	"0"	"https://www.healthcheck.org/page/helping-you-eat-well"	""	"Helping You Eat Well | Heart & Stroke Health Check Program"	""	"http://www.healthcheck.org/page/helping-you-eat-well"	"301"	"text"	"false"	"true"	"true"	"false"	"false"	"false"	"true"	""	""	"pagefound"	"2026-09-11 00:37:18"	"2026-09-11 00:37:18"	""	""	"Article > Wiki"	"Health > Nutrition > Restricted diets; Food > Food > Natural foods; Business"
"Health Check - Details -"	"https://mail.gmawebdirectory.com/detail/health-check-1324.htm"	"en"	""	"200"	"54"	"0"	"0"	"0"	"2"	"2"	"0"	"0"	"http://www.healthcheck.org/"	""	"http://www.healthcheck.org"	""	""	""	"text"	"false"	"true"	"false"	"false"	"false"	"false"	"true"	""	""	"pagefound"	"2025-01-29 09:29:26"	"2026-09-30 00:27:12"	""	""	"Listing > Business"	"Health > Nutrition > Restricted diets; Food > Food > Natural foods; Jobs and education > Education; Business"
"HealthCheck-Win a Schwinn Bicycle!/Dec31, 2009"	"https://forum.smartcanucks.ca/64059-healthcheck-win-schwinn-bicycle-dec31-2009-a-canada-print/"	"en"	"message-boards"	"200"	"48"	"0"	"376913"	"0"	"6"	"13"	"0"	"0"	"http://www.healthcheck.org/"	"Living Calendar Sweepstakes. For more great healthy living tips, visit"	"healthcheck.org"	""	""	""	"text"	"false"	"true"	"false"	"false"	"false"	"false"	"true"	""	""	"pagefound"	"2026-05-24 17:05:29"	"2026-09-20 09:20:41"	""	""	"User content > Forum"	"Sports > Individual sports > Cycling; Autos > Bicycles > Mountain bikes; Health > Health conditions; Communities > Social networks"
"Heart & Stroke Health Check ""Meal Time Makeover"" 10winners *join program"	"https://forum.smartcanucks.ca/180281-heart-stroke-health-check-meal-time-makeover-10winners-join-program-canada-print/"	"en"	"message-boards"	"200"	"48"	"0"	"376913"	"0"	"4"	"16"	"0"	"0"	"http://www.healthcheck.org/contest/prizes"	""	"http://www.healthcheck.org/contest/prizes"	""	""	""	"text"	"false"	"true"	"false"	"false"	"false"	"false"	"true"	""	""	"pagefound"	"2026-05-17 22:39:12"	"2026-09-19 17:38:05"	""	""	"User content > Forum"	"Health > Nutrition > Restricted diets; Beauty > Weight loss; Food > Recipes; Entertainment; Leisure"
"www.Sogoodbeverage.com - Soy Milk Beverages"	"http://urlm.co/www.sogoodbeverage.com"	"en"	""	"200"	"34"	"0"	"950"	"0"	"5"	"7"	"0"	"0"	"http://www.healthcheck.org/"	""	"healthcheck.org"	"Heart&Stroke Health Check Program"	"http://urlm.co/g/o/s/169989"	"302"	"text"	"false"	"true"	"true"	"false"	"false"	"false"	"true"	""	""	"linkfound"	"2025-07-07 04:08:30"	"2026-09-05 06:36:05"	""	""	"Listing > Business"	"Food > Beverages > Tea"
"The Title of Your Report Should Go Here"	"https://www.foodpolitics.com/wp-content/uploads/OCT-3-Front-of-Package-embargoed1.pdf"	"en"	""	"200"	"69"	"0"	"2300"	"0"	"34"	"69"	"0"	"0"	"http://www.healthcheck.org/page/program-critieria"	"staff. Website: http://www.hannaford.com/Contents/Healthy_Living/Guiding_Stars/index.shtml Health Check Accessed January 28, 2010 Website:"	"http://www.healthcheck.org/page/program-critieria"	"Healthy Ideas Accessed January 28, 2010 Website: http://images.giantfood.com/static/full/GNTL/media/living_well/healthy-ideascriteria.pdf Heart Check"	""	""	"text"	"false"	"true"	"false"	"false"	"false"	"false"	"true"	""	""	"linkfound"	"2026-09-25 07:26:04"	"2026-09-25 07:26:04"	""	""	"Article > Research"	"Health > Nutrition > Restricted diets; Food > Food > Natural foods; Science > Biological sciences > Genetics; Business > Biotech"
"[Daily] 2014/05/18 Heart and Stroke Foundation Eat for a Healthy Beat Contest - RedFlagDeals.com Forums"	"https://forums.redflagdeals.com/2014-05-18-heart-stroke-foundation-eat-healthy-beat-contest-1478718/"	"en"	"message-boards"	"200"	"69"	"0"	"998552"	"0"	"12"	"18"	"0"	"0"	"https://www.healthcheck.org/healthybeat14/contest"	"Enter : https://www.facebook.com/EatForAHealthy ... 6185118085 or"	"http://www.healthcheck.org/healthybeat14/contest"	""	"http://www.healthcheck.org/healthybeat14/contest"	"301"	"text"	"false"	"false"	"true"	"false"	"false"	"false"	"true"	""	""	"linkfound"	"2026-05-31 04:14:48"	"2026-09-07 07:16:06"	""	""	"User content > Forum"	"Health > Health conditions; Leisure > Promotional giveaways; Shopping > Consumer > Discount; Food > Food"
"lumiad.nl alternatives - similar sites like lumiad.nl"	"https://www.sitelike.org/similar/lumiad.nl/"	"en"	""	"200"	"63"	"0"	"101897"	"1"	"16"	"19"	"0"	"0"	"https://www.healthcheck.org/"	"healthcheck.org"	"healthcheck.org"	""	""	""	"image"	"false"	"true"	"true"	"false"	"false"	"false"	"true"	""	""	"pagefound"	"2026-09-21 02:48:46"	"2026-09-28 02:52:13"	""	""	"Listing collection > Product"	"Health > Medical services > Doctors' offices; Internet > Web services > Development; Shopping > Consumer > Price comparisons"
"สิบสิ่งที่คุณต้องการรู้เกี่ยวกับไขมัน"	"https://th.innerself.com/articles/living/health/food-and-nutrition/9600-ten-things-you-need-to-know-about-fat.html"	"th"	""	"200"	"52"	"0"	"175"	"0"	"22"	"34"	"0"	"0"	"http://www.healthcheck.org/page/different-types-fat"	"มี"	"สี่ประเภทหลัก"	"ของไขมันในอาหารของเรา: ไม่อิ่มตัวเชิงซ้อน, ไม่อิ่มตัวเชิงเดี่ยว, อิ่มตัวและการเปลี่ยนถ่ายไขมัน แต่ละชนิดมีคุณสมบัติทางเคมีและทางกายภาพที่แตกต่างกัน ผักและน้ำมันปรุงอาหาร - ส่วนใหญ่เป็นเรพซีด, ทานตะวัน, ถั่วเหลืองและมะกอก"	""	""	"text"	"false"	"true"	"false"	"false"	"false"	"false"	"true"	""	""	"pagefound"	"2026-07-13 03:21:52"	"2026-07-30 04:30:20"	""	"Tom Sanders"	""	""
"Experiment to Learn the Amount of Iron in Iron Tablets"	"https://www.essaycompany.com/essays/chemistry/experiment-learn-amount-iron-iron-2913"	"en"	""	"200"	"10"	"0"	"1"	"0"	"26"	"33"	"0"	"0"	"http://www.healthcheck.org/page/nutrients-women%3E"	"Heart and Stroke Foundation (2015)Nutrients for women[Online] Available from: <"	"http://www.healthcheck.org/page/nutrients-women>"	"(Accessed on 22 April 2015)"	""	""	"text"	"false"	"true"	"true"	"false"	"false"	"false"	"true"	""	""	"pagefound"	"2022-03-28 12:22:49"	"2026-06-19 12:23:37"	""	""	""	""
"Beaucoup d'enfants canadiens reçoivent une mauvaise note pour leur déjeuner et ont besoin de bien commencer la nouvelle année scolaire en adoptant de saines habitudes"	"https://www.newswire.ca/fr/news-releases/beaucoup-denfants-canadiens-recoivent-une-mauvaise-note-pour-leur-dejeuner-et-ont-besoin-de-bien-commencer-la-nouvelle-annee-scolaire-en-adoptant-de-saines-habitudes-510598251.html"	"fr"	""	"200"	"87"	"0"	"258456"	"0"	"14"	"29"	"0"	"0"	"http://www.healthcheck.org/"	"site WebVisez santéMCde la Fondation des maladies du cœur ("	"www.visezsante.org"	") peut vous aider à faire des choix intelligents et"	""	""	"text"	"false"	"true"	"true"	"false"	"false"	"false"	"true"	""	""	"pagefound"	"2024-04-11 10:22:06"	"2026-10-01 08:58:47"	""	""	"Article > News"	"Jobs and education > Education > Secondary schooling; Society > Relationships > Family > Parenting > Toddlers > Playroom; Health > Pediatrics"
"Heart&Stroke - Eat Well & Win 1 of 10 $1000 grocery gift card (exp. Sept. 9) QC OK - RedFlagDeals.com Forums"	"https://forums.redflagdeals.com/heart-stroke-eat-well-win-1-10-1000-grocery-gift-card-exp-sept-9-qc-ok-1073267/"	"en"	"message-boards"	"200"	"69"	"0"	"998552"	"0"	"13"	"23"	"0"	"0"	"https://www.healthcheck.org/contest/daily"	"The link to use (for your contest links/bookmarks) is"	"http://www.healthcheck.org/contest/daily"	"."	"http://www.healthcheck.org/contest/daily"	"301"	"text"	"false"	"true"	"true"	"false"	"false"	"false"	"true"	""	""	"linkfound"	"2026-06-01 12:21:44"	"2026-09-08 01:02:27"	""	""	"User content > Forum"	"Food > Food > Snack foods; Shopping > Consumer > Discount; Health > Nutrition"
"Heart & Stroke Health Check- Nutrition Makeover Contest"	"https://forum.smartcanucks.ca/181642-heart-stroke-health-check-nutrition-makeover-contest-canada-print/"	"en"	"message-boards"	"200"	"48"	"0"	"376913"	"0"	"4"	"11"	"0"	"0"	"https://www.healthcheck.org/contest/home"	""	"http://www.healthcheck.org/contest/home"	""	"http://www.healthcheck.org/contest/home"	"301"	"text"	"false"	"true"	"false"	"false"	"false"	"false"	"true"	""	""	"linkfound"	"2026-09-14 05:39:47"	"2026-09-28 05:43:22"	""	""	"User content > Forum"	"Health > Nutrition > Restricted diets; Food > Recipes > Healthy eating"
"www.Whitespot.ca - Family Restaurants | White Spot"	"http://urlm.com.br/www.whitespot.ca"	"pt"	""	"200"	"11"	"0"	"1494"	"0"	"4"	"6"	"0"	"0"	"https://www.healthcheck.org/"	""	"healthcheck.org"	"Health Check Program"	"http://urlm.com.br/g/u/h/246570, http://www.healthcheck.org/"	"302, 301"	"text"	"false"	"true"	"true"	"false"	"false"	"false"	"true"	""	""	"linkfound"	"2026-08-01 14:03:15"	"2026-08-01 14:03:15"	""	""	""	""
"National Heart Foundation of Australia"	"https://kiwix.gnuisnotunix.com/wikipedia_en_all_maxi_2021-12/A/National_Heart_Foundation_of_Australia"	"en"	""	"200"	"8"	"0"	"0"	"0"	"22"	"36"	"0"	"0"	"http://www.healthcheck.org/story/health-check-exit"	"""health check exit"" .healthcheck.org/story/health-check-exit. Archived from"	"the original"	"on 29 November 2014."	""	""	"text"	"false"	"true"	"false"	"false"	"false"	"false"	"true"	""	""	"linkfound"	"2026-08-13 18:52:06"	"2026-08-13 18:52:06"	""	""	"Article > Wiki"	"Health > Health conditions > Hypertension"
"Review: 'Canadian Spectrum' is Hot Docs’ salute to home (Includes first-hand account) - Digital Journal"	"https://www.digitaljournal.com/entertainment/review-canadian-spectrum-is-hot-docs-salute-to-home/article/431358"	"en"	"wordpress"	"200"	"86"	"0"	"19714"	"0"	"7"	"13"	"0"	"0"	"https://www.healthcheck.org/"	"One of its targets include Heart and Stroke Foundation’s “"	"Health Check"	"” program, which it argues is deceiving consumers as much"	"http://www.healthcheck.org/"	"301"	"text"	"false"	"true"	"false"	"false"	"false"	"false"	"true"	""	""	"linkrestored"	"2021-10-08 08:25:43"	"2026-04-24 22:40:47"	""	"Sarah Gopaul"	""	""
"Reality check: How much calcium is too much? - National | Globalnews.ca"	"https://cbcmoney.live/news/376296/reality-check-how-much-calcium-is-too-much/"	"en"	"wordpress"	"200"	"0"	"0"	"0"	"0"	"19"	"28"	"0"	"0"	"https://www.healthcheck.org/node/11157"	""	"Carol Dombrow"	", who’s been a registered dietician with the Heart and"	"http://www.healthcheck.org/node/11157"	"301"	"text"	"false"	"true"	"false"	"false"	"false"	"false"	"true"	""	""	"linkfound"	"2026-07-21 05:53:39"	"2026-07-21 05:53:39"	""	"Carmen Chai"	""	""
"National Heart Foundation of Australia"	"https://ipfs.ssi.eecc.de/ipfs/QmXoypizjW3WknFiJnKLwHCnL72vedxjQkDDP1mXWo6uco/wiki/Heart_Foundation.html"	"en"	""	"200"	"27"	"0"	"0"	"0"	"13"	"26"	"0"	"0"	"http://www.healthcheck.org/story/health-check-exit"	"""health check exit"" ."	"http://www.healthcheck.org/story/health-check-exit"	"."	""	""	"text"	"false"	"true"	"false"	"false"	"false"	"false"	"true"	""	""	"pagefound"	"2026-07-30 18:18:56"	"2026-07-30 18:18:56"	""	""	""	""
"Ticked Off - Dr Joe Today"	"https://www.drjoetoday.com/ticked-off/"	"en"	"wordpress"	"200"	"26"	"0"	"44"	"0"	"16"	"28"	"0"	"0"	"http://www.healthcheck.org/page/helping-you-eat-well%20"	"The Canadian program’s"	"site"	"says, “All Health Check grocery products and menu items are"	""	""	"text"	"false"	"true"	"false"	"false"	"false"	"false"	"true"	""	""	"pagefound"	"2018-08-30 12:18:21"	"2026-09-19 08:39:10"	""	"Dr Joe"	"Article > Opinion"	"Health > Nutrition > Restricted diets; Food > Food > Natural foods"
"Chequeo de salud • es.knowledger.de"	"http://es.knowledger.de/2282048/HealthCheck"	"es"	""	"200"	"15"	"0"	"0"	"0"	"10"	"13"	"0"	"0"	"http://www.healthcheck.org/"	""	"Sitio web de chequeo de salud"	""	""	""	"text"	"false"	"true"	"false"	"false"	"false"	"false"	"true"	""	""	"pagefound"	"2026-09-13 17:12:26"	"2026-09-13 17:12:26"	""	""	"Listing > Business"	"Food > Food > Seafood; Health > Nutrition > Restricted diets; Business > Hospitality industry > Food"
"Healthy grilling: 9 tips for healthy summertime barbecuing | Globalnews.ca"	"https://cbcmoney.live/news/728426/healthy-grilling-9-tips-for-healthy-summertime-barbecuing/"	"en"	"wordpress"	"200"	"0"	"0"	"0"	"0"	"12"	"23"	"0"	"0"	"http://www.healthcheck.org/page/samara-foisy-rd-mhsc"	"of groceries, barbecuing can be healthy and tasty, registered dietician"	"Samara Foisy"	", of the Heart and Stroke Foundation’s Health Check program,"	""	""	"text"	"false"	"true"	"false"	"false"	"false"	"false"	"true"	""	""	"linkfound"	"2026-07-21 19:04:39"	"2026-07-21 19:04:39"	""	"Carmen Chai"	""	""
"Je recherche l'article sur le son d'avoine - Surpoids et obésité - FORUM Nutrition - Club.doctissimo.fr"	"https://forum.doctissimo.fr/nutrition/surpoids-obesite/recherche-article-avoine-sujet_161130_1.htm"	"fr"	"wordpress"	"200"	"83"	"0"	"1111810"	"0"	"7"	"11"	"0"	"0"	"http://www.healthcheck.org/french/fibrefacts.htm"	""	"http://www.healthcheck.org/french/fibrefacts.htm"	""	""	""	"text"	"false"	"false"	"true"	"false"	"false"	"false"	"true"	""	""	"pagefound"	"2025-10-20 09:38:00"	"2026-08-17 05:15:59"	""	""	"User content > Forum"	"Health > Nutrition > Restricted diets; Food > Food > Natural foods"
"Enter NOV 1 to win 1 of 14 Schwinn Bicycles from Healthcheck."	"https://forum.smartcanucks.ca/47498-enter-nov-1-win-1-14-schwinn-bicycles-healthcheck-canada-print/"	"en"	"message-boards"	"200"	"48"	"0"	"376913"	"0"	"4"	"12"	"0"	"0"	"http://www.healthcheck.org/en/home/home.html"	"Go to:"	"http://www.healthcheck.org/en/home/home.html#"	"and click on the image shown on right hand side"	""	""	"text"	"false"	"false"	"false"	"false"	"false"	"false"	"true"	""	""	"pagefound"	"2026-05-02 20:59:18"	"2026-09-30 11:21:54"	""	""	"User content > Forum"	"Sports > Individual sports > Cycling; Leisure; Autos > Bicycles; Communities"
"www.Canadafranchiseopportunities.ca - Canada franchises opportunities"	"http://ca.urlm.com/www.canadafranchiseopportunities.ca"	"en"	""	"200"	"25"	"0"	"19183"	"0"	"5"	"6"	"0"	"0"	"https://www.healthcheck.org/"	""	"healthcheck.org"	"Heart&Stroke Health Check Program"	"http://ca.urlm.com/g/o/c/38298, http://www.healthcheck.org/"	"302, 301"	"text"	"false"	"true"	"true"	"false"	"false"	"false"	"true"	""	""	"linkfound"	"2026-05-19 12:06:44"	"2026-08-17 12:29:11"	""	""	"Listing > Business"	"Business > Business services > Consulting"
"Weighty Matters: Health Check finally figures out chocolate milk and french fries aren't healthy!"	"http://www.weightymatters.ca/2010/08/health-check-finally-figures-out.html"	"en"	""	"200"	"47"	"0"	"47"	"0"	"10"	"22"	"0"	"0"	"http://www.healthcheck.org/story/what-new-health-check"	"What amused me the most about"	"the Heart and Stroke Foundation's latest press release"	"that announced that chocolate milk (and other sweetened milks) and"	""	""	"text"	"false"	"true"	"false"	"false"	"false"	"false"	"true"	""	""	"pagefound"	"2013-08-09 13:26:57"	"2026-09-27 15:26:30"	""	""	"Article > Opinion"	"Health > Nutrition > Restricted diets; Beauty > Weight loss; Food > Food"
"Corazón y fundación de golpe de Canadá • es.knowledger.de"	"http://es.knowledger.de/0807301/CorazonYFundacionDeGolpeDeCanada"	"es"	""	"200"	"15"	"0"	"0"	"0"	"6"	"7"	"0"	"0"	"http://www.healthcheck.org/"	""	"http://www .healthcheck.org /"	""	""	""	"text"	"false"	"true"	"false"	"false"	"false"	"false"	"true"	""	""	"pagefound"	"2026-07-15 04:05:09"	"2026-07-15 04:05:09"	""	""	""	""
"[Daily] [Daily] [Merged] Health Check ""Healthy food is in Style"" (exp. Feb 26/12) - RedFlagDeals.com Forums"	"https://forums.redflagdeals.com/daily-merged-health-check-healthy-food-style-exp-feb-26-12-a-1139705/"	"en"	"message-boards"	"200"	"69"	"0"	"998552"	"0"	"14"	"24"	"0"	"0"	"http://www.healthcheck.org/instylecontest/rules"	"Rules:"	"http://www.healthcheck.org/instylecontest/rules"	""	""	""	"text"	"false"	"true"	"true"	"false"	"false"	"false"	"true"	""	""	"linkrestored"	"2018-10-18 05:27:43"	"2026-08-20 13:53:12"	""	""	"User content > Forum"	"Food > Food; Health > Nutrition > Restricted diets; Shopping > Consumer > Discount"
"Weighty Matters: The Food Industry Delivers the Most Damning Indictment of Health Check Yet"	"http://www.weightymatters.ca/2008/11/food-industry-delivers-most-damning.html"	"en"	""	"200"	"47"	"0"	"47"	"0"	"11"	"25"	"0"	"0"	"http://www.healthcheck.org/sites/default/files/editor/HealthCheck_Nutrient%20criteria_retail_2009%282%29_0.pdf"	"then comparing them with the newly updated Health Check's ("	"posted just over a month ago"	"and not slated to be implemented until 2010) you can"	""	""	"text"	"false"	"true"	"false"	"false"	"false"	"false"	"true"	""	""	"pagefound"	"2022-07-11 09:00:21"	"2026-10-02 12:57:22"	""	""	"Article > Opinion"	"Beauty > Weight loss; Health > Nutrition > Restricted diets; Food; Business"
"Health Check Explained"	"https://everything.explained.today/Health_Check/"	""	""	"200"	"57"	"0"	"0"	"0"	"9"	"27"	"0"	"0"	"http://www.healthcheck.org/sites/default/files/mmallet/GroceryNutrientCriteria_Sept11.pdf"	"Web site:"	"Archived copy"	". 2011-11-11 . https://web.archive.org/web/20120608043848/http://www.healthcheck.org/sites/default/files/mmallet/GroceryNutrientCriteria_Sept11.pdf . 2012-06-08 . dead ."	""	""	"text"	"false"	"false"	"true"	"false"	"false"	"false"	"true"	""	""	"pagefound"	"2026-08-18 10:16:44"	"2026-08-18 10:16:44"	""	""	"Article > Wiki"	"Health > Nutrition > Restricted diets; Food > Food > Natural foods"
"Nouveaux concours/7 Février 2012"	"https://quebechance.bbactif.com/t10158-nouveaux-concours-7-fevrier-2012"	"fr"	"message-boards"	"200"	"39"	"0"	"27"	"0"	"6"	"14"	"0"	"0"	"https://www.healthcheck.org/instylecontest/home"	""	"http://www.healthcheck.org/instylecontest/home"	""	"http://www.healthcheck.org/instylecontest/home"	"301"	"text"	"false"	"false"	"true"	"false"	"false"	"false"	"true"	""	""	"linkrestored"	"2022-07-17 23:39:11"	"2026-09-30 17:49:16"	""	""	"User content > Forum"	"Leisure > Contests; Entertainment > Events > Conventions; Shopping; Society"
"[Daily] [Daily] [Merged] Health Check ""Healthy food is in Style"" (exp. Feb 26/12) - Page 2 - RedFlagDeals.com Forums"	"https://forums.redflagdeals.com/daily-merged-health-check-healthy-food-style-exp-feb-26-12-a-1139705/2/"	"en"	"message-boards"	"200"	"69"	"0"	"998552"	"0"	"11"	"20"	"0"	"0"	"https://www.healthcheck.org/instylecontest/home"	"Enter:"	"http://www.healthcheck.org/instylecontest/home"	""	"http://www.healthcheck.org/instylecontest/home"	"301"	"text"	"false"	"false"	"true"	"false"	"false"	"false"	"true"	""	""	"linkfound"	"2026-09-13 19:11:16"	"2026-09-13 19:11:16"	""	""	"User content > Forum"	"Food > Food; Health > Nutrition > Restricted diets; Shopping > Consumer > Discount"
"Another train wreck: Heart & Stroke Foundation recommends eating candy - Diet Doctor"	"https://www.dietdoctor.com/another-train-wreck-heart-lung-foundation-recommends-eating-candy"	"en"	"wordpress"	"200"	"76"	"0"	"335214"	"0"	"12"	"20"	"0"	"0"	"http://www.healthcheck.org/story/health-check-media"	"The Heart and Lung Foundation put out a"	"press release"	"saying that they are trying to develop a “comprehensive position”"	""	""	"text"	"false"	"true"	"false"	"false"	"false"	"false"	"true"	""	""	"linkrestored"	"2016-12-13 17:29:33"	"2026-09-22 07:17:27"	""	"Dr. Andreas Eenfeldt"	"Article > News"	"Health > Nutrition > Restricted diets; Food > Food > Sweets"
"[Daily] [Daily] [Merged] Health Check ""Healthy food is in Style"" (exp. Feb 26/12) - Page 2 - RedFlagDeals.com Forums"	"https://forums.redflagdeals.com/daily-merged-health-check-healthy-food-style-exp-feb-26-12-a-1139705/2/"	"en"	"message-boards"	"200"	"69"	"0"	"998552"	"0"	"11"	"20"	"0"	"0"	"https://www.healthcheck.org/instylecontest/rules"	"Rules:"	"http://www.healthcheck.org/instylecontest/rules"	""	"http://www.healthcheck.org/instylecontest/rules"	"308"	"text"	"false"	"false"	"true"	"false"	"false"	"false"	"true"	""	""	"linkfound"	"2026-09-13 19:11:16"	"2026-09-13 19:11:16"	""	""	"User content > Forum"	"Food > Food; Health > Nutrition > Restricted diets; Shopping > Consumer > Discount"
"Health Check Explained"	"https://everything.explained.today/Health_Check/"	""	""	"200"	"57"	"0"	"0"	"0"	"9"	"27"	"0"	"0"	"http://www.healthcheck.org/faq"	""	"http://www.healthcheck.org/faq"	"FAQ | Heart & Stroke Health Check Program"	""	""	"text"	"false"	"false"	"true"	"false"	"false"	"false"	"true"	""	""	"pagefound"	"2026-08-18 10:16:44"	"2026-08-18 10:16:44"	""	""	"Article > Wiki"	"Health > Nutrition > Restricted diets; Food > Food > Natural foods"
"[Daily] [Daily] [Merged] Health Check ""Healthy food is in Style"" (exp. Feb 26/12) - Page 2 - RedFlagDeals.com Forums"	"https://forums.redflagdeals.com/daily-merged-health-check-healthy-food-style-exp-feb-26-12-a-1139705/2/"	"en"	"message-boards"	"200"	"69"	"0"	"998552"	"0"	"11"	"20"	"0"	"0"	"http://www.healthcheck.org/instylecontest/rules"	"Rules:"	"http://www.healthcheck.org/instylecontest/rules"	""	""	""	"text"	"false"	"false"	"true"	"false"	"false"	"false"	"true"	""	""	"linkfound"	"2026-09-13 19:11:16"	"2026-09-13 19:11:16"	""	""	"User content > Forum"	"Food > Food; Health > Nutrition > Restricted diets; Shopping > Consumer > Discount"
"Health Check logo criteria being revised"	"https://lesliebeck.com/articles/2008/01/24/health-check-logo-criteria-being-revised"	"en"	""	"200"	"31"	"0"	"3879"	"0"	"10"	"14"	"0"	"0"	"http://www.healthcheck.org/en/nutritional-information/nutrient-criteria-grocery.html"	"Click here for full details on the"	"new criteria"	"for the Health Check logo."	""	""	"text"	"false"	"true"	"false"	"false"	"false"	"false"	"true"	""	""	"linkfound"	"2026-08-28 19:33:45"	"2026-09-18 19:42:54"	""	"Barking Dog Studios"	"Article > News"	"Health > Nutrition > Restricted diets; Food > Food > Natural foods"
"www.Healthcheck.org - Heart&Stroke Health Check Program"	"http://urlm.co/www.healthcheck.org"	"en"	""	"200"	"34"	"0"	"950"	"0"	"4"	"4"	"0"	"0"	"http://www.healthcheck.org/"	""	"Go to website"	""	""	""	"text"	"false"	"false"	"true"	"false"	"false"	"false"	"true"	""	""	"pagefound"	"2018-03-18 07:22:30"	"2026-09-21 14:42:35"	""	""	"Listing > Business"	"Health > Nutrition > Restricted diets; Food"
"Toronto Directory Real Estate Ontario Canada Directory and GTA Toronto business Hotels and lawyers listings and yellow pages- Health > Page 6"	"https://www.gtawebdirectory.com/health/?s=A&p=37"	"en"	""	"200"	"13"	"0"	"0"	"0"	"11"	"14"	"0"	"0"	"http://www.healthcheck.org/"	""	"Health Check"	""	""	""	"text"	"false"	"true"	"false"	"false"	"false"	"false"	"true"	""	""	"pagefound"	"2024-07-08 18:00:31"	"2026-04-23 00:18:27"	""	""	""	""
"National Heart Foundation of Australia"	"https://a.osmarks.net/content/wikipedia_en_all_maxi_2020-08/A/National_Heart_Foundation_of_Australia"	"en"	""	"200"	"37"	"0"	"6461"	"0"	"22"	"37"	"0"	"0"	"http://www.healthcheck.org/story/health-check-exit"	"""health check exit"" .healthcheck.org/story/health-check-exit. Archived from"	"the original"	"on 29 November 2014."	""	""	"text"	"false"	"true"	"false"	"false"	"false"	"false"	"true"	""	""	"pagefound"	"2026-04-21 07:07:04"	"2026-04-21 07:07:04"	""	""	""	""
"Weighty Matters: Heart and Stroke Thinks Cookies are Grains!"	"http://www.weightymatters.ca/2008/01/heart-and-stroke-thinks-cookies-are.html"	"en"	""	"200"	"47"	"0"	"47"	"0"	"10"	"20"	"0"	"0"	"https://www.healthcheck.org/"	"image above you'll see a screen capture of Health Check's"	"nutrient criteria"	"page for groceries. The column where I've highlighted cookies is"	"http://www.healthcheck.org/en/nutritional-information/nutrient-criteria-grocery.html, https://www.healthcheck.org/en/nutritional-information/nutrient-criteria-grocery.html"	"308, 301"	"text"	"false"	"true"	"false"	"false"	"false"	"false"	"true"	""	""	"linkrestored"	"2024-01-04 06:43:15"	"2026-09-27 13:08:37"	""	""	"Article > Opinion"	"Health > Nutrition > Restricted diets; Beauty > Weight loss; Food > Food"
"加国儿童早餐多不达标 新学年需更健康的开始-滑铁卢华人网 - Powered by Discuz!"	"http://waterloobbs.ca/bbs/thread-9497-1-1.html"	"zh-cn"	"message-boards"	"200"	"0.5"	"0"	"0"	"0"	"5"	"19"	"0"	"0"	"http://www.healthcheck.org/"	"基金会的心脏及中风健康鉴定标记计划 (The Heart&Stroke Health Check) 在其英文网站"	"www.healthcheck.org"	"帮助家长作出营养均衡、健康明智的食物选择。该网站亦有很多建议、提示和食谱，为孩子带来健康一天的开始。此外还备有Health Check Recipe英文程式以供下载，提供健康食谱及製定购物清单等功能。"	""	""	"text"	"false"	"true"	"false"	"false"	"false"	"false"	"true"	""	""	"linkrestored"	"2024-09-18 00:46:12"	"2026-10-01 12:27:02"	""	""	"Article > News"	"Society > Relationships > Family > Parenting > Toddlers > Playroom; Jobs and education > Education > Secondary schooling; Food > Food > Breakfast foods; Health > Nutrition > Restricted diets"
"Montreal Directory Quebec Canada Directroy and Greater Montreal Area Montreal business listings and yellow pages- Health > Page 5"	"https://mail.gmawebdirectory.com/health/?s=A&p=31"	"en"	""	"200"	"54"	"0"	"0"	"0"	"14"	"19"	"0"	"0"	"https://www.healthcheck.org/"	""	"Health Check"	""	"http://www.healthcheck.org/"	"301"	"text"	"false"	"true"	"false"	"false"	"false"	"false"	"true"	""	""	"linkfound"	"2026-04-20 19:23:37"	"2026-04-20 19:23:37"	""	""	""	""
"Another train wreck: Heart & Stroke Foundation recommends eating candy - Diet Doctor"	"https://strongmetabolism.fit/another-train-wreck-heart-lung-foundation-recommends-eating-candy"	"en"	"wordpress"	"200"	"0"	"0"	"0"	"0"	"11"	"19"	"0"	"0"	"https://www.healthcheck.org/story/health-check-media"	"The Heart and Lung Foundation put out a"	"press release"	"saying that they are trying to develop a “comprehensive position”"	"http://www.healthcheck.org/story/health-check-media"	"308"	"text"	"false"	"false"	"false"	"false"	"false"	"false"	"true"	""	""	"linkfound"	"2026-09-27 10:52:42"	"2026-09-27 10:52:42"	""	"Dr. Andreas Eenfeldt"	"Article > Opinion"	"Health > Nutrition > Restricted diets; Food > Recipes > Healthy eating"
"www.Healthcheck.org - Health Check Program"	"http://urlm.com.br/www.healthcheck.org"	"pt"	""	"200"	"11"	"0"	"1494"	"0"	"2"	"3"	"0"	"0"	"http://www.healthcheck.org/"	""	"Entrar no site"	""	""	""	"text"	"false"	"false"	"true"	"false"	"false"	"false"	"true"	""	""	"linkfound"	"2026-05-20 14:47:24"	"2026-05-20 14:47:24"	""	""	""	""
"Healthcheck Restaurants - East Phoenix"	"https://www.eastphoenixau.com/h-pages/healthcheck-restaurants.html"	"en"	""	"200"	"7"	"0"	"0"	"0"	"44"	"59"	"0"	"0"	"http://www.healthcheck.org/en/about-health-check/restaurants.html"	""	"Healthcheck"	""	""	""	"text"	"false"	"true"	"true"	"false"	"false"	"false"	"true"	""	""	"pagefound"	"2026-08-26 18:49:30"	"2026-08-26 18:49:30"	""	""	"Listing collection > Business"	"Food > Restaurants > Reservations; Health > Nutrition > Restricted diets; Business > Hospitality industry > Food"
"Weighty Matters: $3,016,000"	"http://www.weightymatters.ca/2007/11/3016000.html"	"en"	""	"200"	"47"	"0"	"47"	"0"	"9"	"22"	"0"	"0"	"http://www.healthcheck.org/prodsearch?tid_2=All&tid=All&keys="	", but based on the posted Health Check fees and"	"program participants"	", Health Check seems to generate a minimum annual income"	""	""	"text"	"false"	"true"	"false"	"false"	"false"	"false"	"true"	""	""	"pagefound"	"2022-07-12 12:06:55"	"2026-09-02 16:29:32"	""	""	"Article > Opinion"	"Health > Nutrition > Restricted diets; Beauty > Weight loss"
"What's really inside your breakfast sandwich - Chatelaine"	"https://chatelaine.com/health/diet/whats-really-inside-your-breakfast-sandwich/"	"en"	""	"200"	"77"	"0"	"194423"	"0"	"21"	"37"	"0"	"0"	"https://www.healthcheck.org/recipe/granola-yogurt-parfait"	""	"1. Yogurt granola parfait"	""	"http://www.healthcheck.org/recipe/granola-yogurt-parfait"	"308"	"text"	"false"	"true"	"false"	"false"	"false"	"false"	"true"	""	""	"linkrestored"	"2024-01-27 12:40:31"	"2026-09-09 08:52:33"	""	""	"Article > Research"	"Health > Nutrition > Restricted diets; Food > Food > Natural foods"
"The Best Abdominal Exercises - Active Image"	"http://www.activeimage.ca/index.php/Newsletter/2006-07-25"	"en"	""	"200"	"0.3"	"0"	"0"	"0"	"5"	"6"	"0"	"0"	"http://www.healthcheck.org/english/documents/33040412_EatOut-FastFood04.25.05.pdf"	""	"http://www.healthcheck.org/english/documents/33040412_EatOut-FastFood04.25.05.pdf"	""	""	""	"text"	"false"	"true"	"true"	"false"	"false"	"false"	"true"	""	""	"pagefound"	"2021-09-06 06:45:58"	"2026-09-23 00:43:14"	""	""	"Article > Listicle"	"Beauty > Fitness > Personal training; Health > Nutrition > Restricted diets"
"incomeXchange.com - A guide to Canada's best deals and contests"	"http://www.incomexchange.com/archive2K11.htm"	"en"	""	"200"	"0"	"0"	"3"	"0"	"1240"	"5853"	"0"	"0"	"http://www.healthcheck.org/contest/enter"	"Healthcheck.org has a contest to"	"win a nutrition makeover trip to Toronto"	"."	""	""	"text"	"false"	"true"	"false"	"false"	"false"	"false"	"true"	""	""	"pagefound"	"2023-03-24 08:27:52"	"2026-09-22 22:22:35"	""	""	"Listing collection > Article"	"Shopping > Consumer > Discount; Computers and electronics > Consumer electronics > Portable electronics; Business; Internet"
"Montreal Directory Quebec Canada Directroy and Greater Montreal Area Montreal business listings and yellow pages- Health > Page 2"	"https://mail.gmawebdirectory.com/health/?s=H&p=13"	"en"	""	"200"	"54"	"0"	"0"	"0"	"14"	"23"	"0"	"0"	"http://www.healthcheck.org/"	""	"Health Check"	""	""	""	"text"	"false"	"true"	"false"	"false"	"false"	"false"	"true"	""	""	"pagefound"	"2025-01-29 13:27:29"	"2026-04-21 01:04:50"	""	""	""	""
"www.Healthcheck.org - Heart&Stroke Health Check Program"	"http://urlmetriques.co/www.healthcheck.org"	"fr"	""	"200"	"23"	"0"	"614"	"0"	"2"	"3"	"0"	"0"	"https://www.healthcheck.org/"	""	"Accéder au site"	""	"http://www.healthcheck.org/"	"301"	"text"	"false"	"false"	"true"	"false"	"false"	"false"	"true"	""	""	"pagefound"	"2026-05-13 04:55:48"	"2026-05-13 04:55:48"	""	""	""	""
"www.5to10aday.com - Mix It Up"	"http://ca.urlm.com/www.5to10aday.com"	"en"	""	"200"	"25"	"0"	"19183"	"0"	"9"	"16"	"0"	"0"	"https://www.healthcheck.org/"	""	"healthcheck.org"	"Heart&Stroke Health Check Program"	"http://ca.urlm.com/g/o/5/45, http://www.healthcheck.org/"	"302, 301"	"text"	"false"	"true"	"true"	"false"	"false"	"false"	"true"	""	""	"linkfound"	"2026-04-18 18:33:39"	"2026-04-18 18:33:39"	""	""	""	""
"Weighty Matters: Heart and Stroke Thinks Cookies are Grains!"	"http://www.weightymatters.ca/2008/01/heart-and-stroke-thinks-cookies-are.html"	"en"	""	"200"	"47"	"0"	"47"	"0"	"10"	"20"	"0"	"0"	"http://www.healthcheck.org/en/nutritional-information/nutrient-criteria-grocery.html"	"image above you'll see a screen capture of Health Check's"	"nutrient criteria"	"page for groceries. The column where I've highlighted cookies is"	""	""	"text"	"false"	"true"	"false"	"false"	"false"	"false"	"true"	""	""	"pagefound"	"2022-08-09 07:58:24"	"2026-09-27 13:08:37"	""	""	"Article > Opinion"	"Health > Nutrition > Restricted diets; Beauty > Weight loss; Food > Food"
"Heart foundation's fruit gummies endorsement angers expert | CBC News"	"https://www.cbc.ca/news/health/heart-foundation-s-fruit-gummies-endorsement-angers-expert-1.2288938"	"en"	""	"200"	"91"	"0"	"5761340"	"0"	"13"	"28"	"0"	"0"	"http://www.healthcheck.org/"	""	"Health Check, Heart and Stroke Foundation"	""	""	""	"text"	"false"	"false"	"false"	"false"	"false"	"true"	"true"	""	""	"pagefound"	"2021-06-21 19:18:57"	"2026-09-26 11:27:55"	""	""	"Article > News"	"Health > Nutrition > Restricted diets; Food > Food > Vegetables"
"Montreal Directory Quebec Canada Directroy and Greater Montreal Area Montreal business listings and yellow pages- Health > Page 3"	"https://www.gmawebdirectory.com/healthpage-3.html"	"en"	""	"200"	"54"	"0"	"0"	"0"	"15"	"24"	"0"	"0"	"http://www.healthcheck.org/"	""	"Health Check"	""	""	""	"text"	"false"	"true"	"false"	"false"	"false"	"false"	"true"	""	""	"pagefound"	"2025-12-02 00:50:56"	"2026-07-28 17:13:49"	""	""	""	""
"Health Check"	"https://wikipedia.nlaha.com/content/wikipedia_en_all_maxi_2024-01/A/Health_Check"	"en"	""	"200"	"6"	"0"	"0"	"0"	"8"	"25"	"0"	"0"	"http://www.healthcheck.org/page/helping-you-eat-well"	""	"Helping You Eat Well | Heart & Stroke Health Check Program"	""	""	""	"text"	"false"	"true"	"false"	"false"	"false"	"false"	"true"	""	""	"pagefound"	"2026-09-11 17:56:59"	"2026-09-11 17:56:59"	""	""	"Article > Wiki"	"Health > Nutrition > Restricted diets; Food > Food > Natural foods; Business"
"Ten Things You Need To Know About Fat"	"https://local.innerself.com/articles/living/health/food-and-nutrition/9600-ten-things-you-need-to-know-about-fat.html"	"en"	""	"200"	"52"	"0"	"175"	"0"	"22"	"34"	"0"	"0"	"http://www.healthcheck.org/page/different-types-fat"	"There are"	"four main types"	"of fats in our foods: polyunsaturated, monounsaturated, saturated and transfats."	""	""	"text"	"false"	"true"	"false"	"false"	"false"	"false"	"true"	""	""	"pagefound"	"2026-09-02 10:59:30"	"2026-09-05 10:57:50"	""	"Tom Sanders"	"Article > Listicle"	"Health > Nutrition > Restricted diets; Food > Food > Vegetables"
"Health Check"	"https://kiwix.enszfarms.org/content/wikipedia_en_all_maxi_2025-08/Health_Check"	"en"	""	"200"	"3.5"	"0"	"0"	"0"	"8"	"22"	"0"	"0"	"http://www.healthcheck.org/sites/default/files/mmallet/GroceryNutrientCriteria_Sept11.pdf"	". Archived from"	"the original"	""	""	""	"text"	"false"	"true"	"true"	"false"	"false"	"false"	"true"	""	""	"pagefound"	"2026-09-11 00:37:18"	"2026-09-11 00:37:18"	""	""	"Article > Wiki"	"Health > Nutrition > Restricted diets; Food > Food > Natural foods; Business"
"Cedar Planked Atlantic Salmon Wins Healthy Innovation Award – Cedar Bay Grilling Company"	"https://cedarbaygrilling.com/blogs/news/wins-healthy-innovation-award"	"en"	""	"200"	"23"	"0"	"26"	"0"	"4"	"9"	"0"	"0"	"https://www.healthcheck.org/story/cedar-planked-atlantic-salmon-wins-healthy-innovation-award"	""	"more…"	""	"http://www.healthcheck.org/story/cedar-planked-atlantic-salmon-wins-healthy-innovation-award"	"308"	"text"	"false"	"true"	"false"	"false"	"false"	"false"	"true"	""	""	"linkrestored"	"2021-06-06 05:06:59"	"2026-09-11 21:34:33"	""	"Douglas Park"	"Article > News"	"Food > Food > Seafood; Business > Hospitality industry > Food; Health > Nutrition > Restricted diets"
"Weighty Matters: Updates on Health Check"	"http://www.weightymatters.ca/2008/02/updates-on-health-check.html"	"en"	""	"200"	"47"	"0"	"47"	"0"	"13"	"27"	"0"	"0"	"https://www.healthcheck.org/faq"	"changes with Health Check, but unfortunately only with their website's"	"FAQ section"	"which seems to be growing on an almost daily basis."	"http://www.healthcheck.org/faq"	"308"	"text"	"false"	"true"	"false"	"false"	"false"	"false"	"true"	""	""	"linkrestored"	"2023-06-20 22:39:34"	"2026-10-02 11:48:58"	""	""	"Article > News"	"Health > Nutrition > Restricted diets; Beauty > Weight loss"
"Dieci cose che dovete sapere su Fat"	"https://it.innerself.com/articles/living/health/food-and-nutrition/9600-ten-things-you-need-to-know-about-fat.html"	"it"	""	"200"	"52"	"0"	"175"	"0"	"22"	"34"	"0"	"0"	"http://www.healthcheck.org/page/different-types-fat"	"Ci sono"	"quattro tipi principali"	"di grassi nei nostri alimenti: polinsaturi, monoinsaturi, saturi e transfats."	""	""	"text"	"false"	"true"	"false"	"false"	"false"	"false"	"true"	""	""	"linkfound"	"2026-07-30 08:44:11"	"2026-07-30 08:44:11"	""	"Tom Sanders"	""	""
"Heart&Stroke - Eat Well & Win 1 of 10 $1000 grocery gift card (exp. Sept. 9) QC OK - RedFlagDeals.com Forums"	"https://forums.redflagdeals.com/heart-stroke-eat-well-win-1-10-1000-grocery-gift-card-exp-sept-9-qc-ok-1073267/"	"en"	"message-boards"	"200"	"69"	"0"	"998552"	"0"	"13"	"23"	"0"	"0"	"https://www.healthcheck.org/backtoschool/home"	""	"http://www.healthcheck.org/backtoschool/home"	""	"http://www.healthcheck.org/backtoschool/home"	"301"	"text"	"false"	"false"	"true"	"false"	"false"	"false"	"true"	""	""	"linkrestored"	"2024-04-07 03:22:43"	"2026-09-08 01:02:27"	""	""	"User content > Forum"	"Food > Food > Snack foods; Shopping > Consumer > Discount; Health > Nutrition"
"ads@thenewsleader.ca"	"http://princetonbcmuseum.com/wp-content/uploads/2023/11/SNL20070327.pdf"	"en"	""	"200"	"4"	"0"	"2"	"0"	"20"	"28"	"0"	"0"	"https://www.healthcheck.org/"	"Check is available online"	"www.healthcheck.org"	"."	""	""	"text"	"false"	"true"	"false"	"false"	"false"	"false"	"true"	""	""	"linkfound"	"2026-09-25 13:00:10"	"2026-09-25 13:00:10"	""	""	"Article > News"	"Reference > Museums > Libraries; Government > Public safety > Law enforcement; News > Local news; Sensitive; Entertainment"
"bluecrestscreening.com competitors - Top 14 similar sites like bluecrestscreening.com and alternatives"	"https://www.siteprice.org/competitors/bluecrestscreening.com"	"en"	""	"200"	"72"	"0"	"69248"	"0"	"19"	"22"	"0"	"0"	"https://www.healthcheck.org/"	"healthcheck.org"	""	""	""	""	"text"	"false"	"false"	"true"	"false"	"false"	"false"	"true"	""	""	"pagefound"	"2026-09-26 17:39:27"	"2026-09-26 17:39:27"	""	""	"Article > Comparison"	"Internet > Web services > Development; Shopping > Consumer > Price comparisons; Business > Business services"
"Health Check Explained"	"https://everything.explained.today/Health_Check/"	""	""	"200"	"57"	"0"	"0"	"0"	"9"	"27"	"0"	"0"	"https://www.healthcheck.org/faq"	""	"http://www.healthcheck.org/faq"	"FAQ | Heart & Stroke Health Check Program"	"http://www.healthcheck.org/faq"	"301"	"text"	"false"	"false"	"true"	"false"	"false"	"false"	"true"	""	""	"pagefound"	"2026-08-18 10:16:44"	"2026-08-18 10:16:44"	""	""	"Article > Wiki"	"Health > Nutrition > Restricted diets; Food > Food > Natural foods"
"Health Check"	"https://olps.co.za/kiwix/content/wikipedia_en_all_maxi_2024-01/A/Health_Check"	"en"	""	"200"	"5"	"0"	"42"	"0"	"8"	"25"	"0"	"0"	"http://www.healthcheck.org/page/helping-you-eat-well"	""	"Helping You Eat Well | Heart & Stroke Health Check Program"	""	""	""	"text"	"false"	"true"	"false"	"false"	"false"	"false"	"true"	""	""	"pagefound"	"2026-09-16 04:39:16"	"2026-09-16 04:39:16"	""	""	"Article > Wiki"	"Health > Nutrition > Restricted diets; Food > Food > Natural foods; Business"
"Food Politics by Marion Nestle - Page 519 of 646 -"	"https://www.foodpolitics.com/page/519/"	"en"	"wordpress"	"200"	"69"	"0"	"2300"	"0"	"30"	"86"	"0"	"0"	"http://www.healthcheck.org/story/british-columbia-pizza-huts-get-a-health-check-pizza-hut"	"participation in the program on its website. [Update February 3:"	"Pizza Hut has now announced its participation"	"in the program]"	""	""	"text"	"false"	"true"	"false"	"false"	"false"	"false"	"true"	""	""	"linkfound"	"2026-07-20 07:03:38"	"2026-07-20 07:03:38"	""	""	""	""
"What's really inside your breakfast sandwich - Chatelaine"	"https://chatelaine.com/health/diet/whats-really-inside-your-breakfast-sandwich/"	"en"	""	"200"	"77"	"0"	"194423"	"0"	"21"	"37"	"0"	"0"	"http://www.healthcheck.org/recipe/granola-yogurt-parfait"	""	"1. Yogurt granola parfait"	""	""	""	"text"	"false"	"true"	"false"	"false"	"false"	"false"	"true"	""	""	"pagefound"	"2024-01-27 12:40:31"	"2026-09-09 08:52:33"	""	""	"Article > Research"	"Health > Nutrition > Restricted diets; Food > Food > Natural foods"
"Reality check: How much calcium is too much? - National | Globalnews.ca"	"https://cbcmoney.live/news/376296/reality-check-how-much-calcium-is-too-much/"	"en"	"wordpress"	"200"	"0"	"0"	"0"	"0"	"19"	"28"	"0"	"0"	"http://www.healthcheck.org/node/11157"	""	"Carol Dombrow"	", who’s been a registered dietician with the Heart and"	""	""	"text"	"false"	"true"	"false"	"false"	"false"	"false"	"true"	""	""	"linkfound"	"2026-07-21 05:53:39"	"2026-07-21 05:53:39"	""	"Carmen Chai"	""	""
"Je recherche l'article sur le son d'avoine - Surpoids et obésité - FORUM Nutrition - Club.doctissimo.fr"	"https://forum.doctissimo.fr/nutrition/surpoids-obesite/recherche-article-avoine-sujet_161130_1.htm"	"fr"	"wordpress"	"200"	"83"	"0"	"1111810"	"0"	"7"	"11"	"0"	"0"	"https://www.healthcheck.org/french/fibrefacts.htm"	""	"http://www.healthcheck.org/french/fibrefacts.htm"	""	"http://www.healthcheck.org/french/fibrefacts.htm"	"301"	"text"	"false"	"false"	"true"	"false"	"false"	"false"	"true"	""	""	"linkfound"	"2026-08-17 05:15:59"	"2026-08-17 05:15:59"	""	""	"User content > Forum"	"Health > Nutrition > Restricted diets; Food > Food > Natural foods"
"Weighty Matters: Heart and Stroke Thinks Cookies are Grains!"	"http://www.weightymatters.ca/2008/01/heart-and-stroke-thinks-cookies-are.html"	"en"	""	"200"	"47"	"0"	"47"	"0"	"10"	"20"	"0"	"0"	"https://www.healthcheck.org/en/nutritional-information/nutrient-criteria-grocery.html"	"image above you'll see a screen capture of Health Check's"	"nutrient criteria"	"page for groceries. The column where I've highlighted cookies is"	"http://www.healthcheck.org/en/nutritional-information/nutrient-criteria-grocery.html"	"308"	"text"	"false"	"true"	"false"	"false"	"false"	"false"	"true"	""	""	"linkrestored"	"2023-08-12 05:22:30"	"2026-09-27 13:08:37"	""	""	"Article > Opinion"	"Health > Nutrition > Restricted diets; Beauty > Weight loss; Food > Food"
"Centre de Pré vention Cardiocasculaire de l‘Ouest de l‘Île"	"http://affaki.co/"	"en"	""	"200"	"0"	"0"	"0"	"5"	"19"	"31"	"0"	"0"	"http://www.healthcheck.org/en/home/home.html"	""	""	"Alternate HTML content should be placed here.This content requires the"	""	""	"text"	"false"	"true"	"false"	"false"	"false"	"true"	"true"	""	""	"pagefound"	"2026-08-16 05:32:06"	"2026-09-30 05:09:11"	""	""	"Site page > Home"	"Health > Medical services > Doctors' offices; Science > Biological sciences"
"Health Check"	"https://olps.co.za/kiwix/content/wikipedia_en_all_maxi_2024-01/A/Health_Check"	"en"	""	"200"	"5"	"0"	"42"	"0"	"8"	"25"	"0"	"0"	"http://www.healthcheck.org/sites/default/files/mmallet/GroceryNutrientCriteria_Sept11.pdf"	". Archived from"	"the original"	""	""	""	"text"	"false"	"true"	"false"	"false"	"false"	"false"	"true"	""	""	"pagefound"	"2026-09-16 04:39:16"	"2026-09-16 04:39:16"	""	""	"Article > Wiki"	"Health > Nutrition > Restricted diets; Food > Food > Natural foods; Business"
"Weighty Matters: $3,016,000"	"http://www.weightymatters.ca/2007/11/3016000.html"	"en"	""	"200"	"47"	"0"	"47"	"0"	"9"	"22"	"0"	"0"	"http://www.healthcheck.org/page/grocery-product-licensee-fees"	"spreadsheet here , but based on the posted Health Check"	"fees"	"and program participants , Health Check seems to generate a"	""	""	"text"	"false"	"true"	"false"	"false"	"false"	"false"	"true"	""	""	"pagefound"	"2022-07-12 12:06:55"	"2026-09-02 16:29:32"	""	""	"Article > Opinion"	"Health > Nutrition > Restricted diets; Beauty > Weight loss"
"Health Check"	"https://kiwix.enszfarms.org/content/wikipedia_en_all_maxi_2025-08/Health_Check"	"en"	""	"200"	"3.5"	"0"	"0"	"0"	"8"	"22"	"0"	"0"	"http://www.healthcheck.org/page/nutrient-criteria-grocery-0"	"| Heart & Stroke; Health Check Program"" .www.healthcheck.org. Archived from"	"the original"	"on 2010-11-15."	""	""	"text"	"false"	"true"	"true"	"false"	"false"	"false"	"true"	""	""	"pagefound"	"2026-09-11 00:37:18"	"2026-09-11 00:37:18"	""	""	"Article > Wiki"	"Health > Nutrition > Restricted diets; Food > Food > Natural foods; Business"
"incomeXchange.com - A guide to Canada's best deals and contests"	"http://www.incomexchange.com/archive2K11.htm"	"en"	""	"200"	"0"	"0"	"3"	"0"	"1240"	"5853"	"0"	"0"	"http://www.healthcheck.org/backtoschool/home"	"Enter to"	"win one of ten $1,000 grocery gift cards"	"from HealthCheck.org."	""	""	"text"	"false"	"true"	"false"	"false"	"false"	"false"	"true"	""	""	"pagefound"	"2023-03-24 08:27:52"	"2026-09-22 22:22:35"	""	""	"Listing collection > Article"	"Shopping > Consumer > Discount; Computers and electronics > Consumer electronics > Portable electronics; Business; Internet"
"Ten Things You Need To Know About Fat"	"http://local.innerself.com/articles/living/health/food-and-nutrition/9600-ten-things-you-need-to-know-about-fat.html"	"en"	""	"200"	"52"	"0"	"175"	"0"	"22"	"34"	"0"	"0"	"http://www.healthcheck.org/page/different-types-fat"	"There are"	"four main types"	"of fats in our foods: polyunsaturated, monounsaturated, saturated and transfats."	""	""	"text"	"false"	"true"	"false"	"false"	"false"	"false"	"true"	""	""	"pagefound"	"2026-09-09 07:46:44"	"2026-09-12 07:31:03"	""	"Tom Sanders"	"Article > Listicle"	"Health > Nutrition > Restricted diets; Food > Food > Vegetables"
"[Daily] [Daily] [Merged] Health Check ""Healthy food is in Style"" (exp. Feb 26/12) - Page 2 - RedFlagDeals.com Forums"	"https://forums.redflagdeals.com/daily-merged-health-check-healthy-food-style-exp-feb-26-12-a-1139705/2/"	"en"	"message-boards"	"200"	"69"	"0"	"998552"	"0"	"11"	"20"	"0"	"0"	"http://www.healthcheck.org/instylecontest/home"	"Enter:"	"http://www.healthcheck.org/instylecontest/home"	""	""	""	"text"	"false"	"false"	"true"	"false"	"false"	"false"	"true"	""	""	"linkfound"	"2026-09-13 19:11:16"	"2026-09-13 19:11:16"	""	""	"User content > Forum"	"Food > Food; Health > Nutrition > Restricted diets; Shopping > Consumer > Discount"
"Toronto Directory Real Estate Ontario Canada Directory and GTA Toronto business Hotels and lawyers listings and yellow pages- Health > Page 8"	"https://www.gtawebdirectory.com/health/?s=H&p=49"	"en"	""	"200"	"13"	"0"	"0"	"0"	"11"	"15"	"0"	"0"	"http://www.healthcheck.org/"	""	"Health Check"	""	""	""	"text"	"false"	"true"	"false"	"false"	"false"	"false"	"true"	""	""	"pagefound"	"2024-07-23 17:52:48"	"2026-04-26 20:23:33"	""	""	""	""
"Weighty Matters: Health Check's rotten tomato"	"http://www.weightymatters.ca/2010/08/why-does-heart-and-stroke-foundation.html"	"en"	""	"200"	"47"	"0"	"47"	"0"	"13"	"24"	"0"	"0"	"http://www.healthcheck.org/sites/default/files/editor/HC10_Nutrient%20Criteriapdf_changes_Aug10.pdf"	"an across the Health Check board reduction in their program's"	"allowable levels of sodium"	"."	""	""	"text"	"false"	"true"	"false"	"false"	"false"	"false"	"true"	""	""	"pagefound"	"2022-06-24 06:03:46"	"2026-09-26 18:58:51"	""	""	"Article > Opinion"	"Health > Nutrition > Restricted diets; Beauty > Weight loss; Food > Food > Natural foods"
"Yağ Hakkında Bilmeniz Gereken On Şey"	"https://tr.innerself.com/articles/living/health/food-and-nutrition/9600-ten-things-you-need-to-know-about-fat.html"	"tr"	""	"200"	"52"	"0"	"175"	"0"	"22"	"34"	"0"	"0"	"http://www.healthcheck.org/page/different-types-fat"	"Var"	"dört ana tip"	"Yiyeceklerimizdeki yağların miktarı: çoklu doymamış, tekli doymamış, doymuş ve nakilleri."	""	""	"text"	"false"	"true"	"false"	"false"	"false"	"false"	"true"	""	""	"pagefound"	"2026-07-22 20:26:00"	"2026-07-31 06:38:40"	""	"Tom Sanders"	""	""
"Thanksgiving dinner: 9 tips for healthy holiday eating | Globalnews.ca"	"http://cbcmoney.live/news/894944/thanksgiving-dinner-9-tips-for-healthy-holiday-eating/"	"en"	"wordpress"	"200"	"0"	"0"	"0"	"0"	"15"	"25"	"0"	"0"	"http://www.healthcheck.org/node/11157"	"Regan and"	"Carol Dombrow"	", a registered dietician with over 25 years of experience"	""	""	"text"	"false"	"true"	"false"	"false"	"false"	"false"	"true"	""	""	"linkfound"	"2026-07-19 08:03:51"	"2026-07-19 08:03:51"	""	"Carmen Chai"	""	""
"Ten Things You Need To Know About Fat"	"http://articleindex.com/articles/living/health/food-and-nutrition/9600-ten-things-you-need-to-know-about-fat.html"	"en"	""	"200"	"2.1"	"0"	"0"	"0"	"22"	"33"	"0"	"0"	"http://www.healthcheck.org/page/different-types-fat"	"There are"	"four main types"	"of fats in our foods: polyunsaturated, monounsaturated, saturated and transfats."	""	""	"text"	"false"	"true"	"false"	"false"	"false"	"false"	"true"	""	""	"pagefound"	"2026-09-11 20:43:38"	"2026-09-11 20:43:38"	""	"Tom Sanders"	"Article > Listicle"	"Health > Nutrition > Restricted diets; Food > Food > Natural foods"
"Cedar Planked Atlantic Salmon Wins Healthy Innovation Award – Cedar Bay Grilling Company"	"https://cedarbaygrilling.com/blogs/news/wins-healthy-innovation-award"	"en"	""	"200"	"23"	"0"	"26"	"0"	"4"	"9"	"0"	"0"	"http://www.healthcheck.org/story/cedar-planked-atlantic-salmon-wins-healthy-innovation-award"	""	"more…"	""	""	""	"text"	"false"	"true"	"false"	"false"	"false"	"false"	"true"	""	""	"linkrestored"	"2020-08-14 20:09:28"	"2026-09-11 21:34:33"	""	"Douglas Park"	"Article > News"	"Food > Food > Seafood; Business > Hospitality industry > Food; Health > Nutrition > Restricted diets"
"Health Check"	"https://olps.co.za/kiwix/content/wikipedia_en_all_maxi_2024-01/A/Health_Check"	"en"	""	"200"	"5"	"0"	"42"	"0"	"8"	"25"	"0"	"0"	"http://www.healthcheck.org/page/nutrient-criteria-grocery-0"	"| Heart & Stroke; Health Check Program"" .www.healthcheck.org. Archived from"	"the original"	"on 2010-11-15."	""	""	"text"	"false"	"true"	"false"	"false"	"false"	"false"	"true"	""	""	"pagefound"	"2026-09-16 04:39:16"	"2026-09-16 04:39:16"	""	""	"Article > Wiki"	"Health > Nutrition > Restricted diets; Food > Food > Natural foods; Business"
"Microsoft Word - REPERTOIRE INTERNET 2009.doc"	"https://www.agrireseau.net/marketing-agroalimentaire/documents/4084-fra.pdf"	"fr"	""	"200"	"65"	"0"	"4618"	"1"	"197"	"374"	"0"	"0"	"https://www.healthcheck.org/"	"Fondation des maladies du cœur. Pour en savoir plus :"	"www.healthcheck.org/"	""	""	""	"text"	"false"	"true"	"false"	"false"	"false"	"false"	"true"	""	""	"linkfound"	"2026-09-26 22:17:28"	"2026-09-26 22:17:28"	""	""	"Document > Manual"	"Business > Forestry > Seed; Reference > General reference; Computers and electronics > Software > Business; Finance"
"The Heart and Stroke Foundation wants to help Canadian parents get an A+ for healthy snacks and lunches"	"https://www.newswire.ca/news-releases/the-heart-and-stroke-foundation-wants-to-help-canadian-parents-get-an-a-for-healthy-snacks-and-lunches-512812301.html"	"en"	""	"200"	"87"	"0"	"258456"	"0"	"13"	"61"	"0"	"0"	"http://www.healthcheck.org/"	"Please visit the Heart and Stroke Health Check website ("	"healthcheck.org"	") for more information on how to make informed and"	""	""	"text"	"false"	"true"	"true"	"false"	"false"	"false"	"true"	""	""	"pagefound"	"2024-05-08 14:50:19"	"2026-09-12 09:31:30"	""	"Heart and Stroke Foundation"	"Article > News"	"Health > Nutrition > Restricted diets; Food > Food > Snack foods; Society > Relationships > Family > Parenting > Toddlers > Playroom"
"WIN 1 of 20 Bonnie Stern Cookbooks."	"https://forum.smartcanucks.ca/47497-win-1-20-bonnie-stern-cookbooks-canada-print/"	"en"	"message-boards"	"200"	"48"	"0"	"376913"	"0"	"5"	"12"	"0"	"0"	"https://www.healthcheck.org/en/home/home.html"	""	"http://www.healthcheck.org/en/home/home.html#"	""	"http://www.healthcheck.org/en/home/home.html"	"308"	"text"	"false"	"true"	"false"	"false"	"false"	"false"	"true"	""	""	"linkrestored"	"2026-05-10 14:45:45"	"2026-10-01 05:49:22"	""	""	"User content > Forum"	"Food > Recipes > Culinary training; Health > Nutrition > Restricted diets; Communities; Leisure"
"ads@thenewsleader.ca"	"https://princetonbcmuseum.com/wp-content/uploads/2023/11/SNL20070327.pdf"	"en"	""	"200"	"4"	"0"	"2"	"0"	"20"	"28"	"0"	"0"	"https://www.healthcheck.org/"	"Check is available online"	"www.healthcheck.org"	"."	""	""	"text"	"false"	"true"	"false"	"false"	"false"	"false"	"true"	""	""	"linkfound"	"2026-09-25 13:00:06"	"2026-09-25 13:00:06"	""	""	"Article > News"	"Reference > Museums > Libraries; Government > Public safety > Law enforcement; News > Local news; Sensitive; Entertainment"
"Analyse sommaire d'initiatives favorables à l'amélioration de l'environnement alimentaire des restaurants"	"https://www.inspq.qc.ca/sites/default/files/publications/1023_analinitiativesameliorationenvironnrestau.pdf"	"fr"	""	"200"	"79"	"0"	"113390"	"0"	"40"	"85"	"0"	"0"	"http://www.healthcheck.org/fr/eating-out/eating-out.html"	"ce programme requiert une contribution financière des restaurateurs. Références :"	"http://www.healthcheck.org/fr/eating-out/eating-out.html"	"."	""	""	"text"	"false"	"true"	"false"	"false"	"false"	"false"	"true"	""	""	"linkfound"	"2026-09-12 08:29:19"	"2026-09-12 08:29:19"	""	""	"Document > Report"	"Business > Hospitality industry > Food; Food > Restaurants > Reservations; Science > Environment > Global warming; Society > Advocacy > Environmental issues; Health"
"Heart Disease"	"https://www.bcwomens.ca/health-info/living-with-illness/heart-disease?TermStoreId=e5481489-1c4e-4a78-9d25-61807e18e714&TermSetId=407a7285-b9c8-4a9e-b5d1-18e22bf3caf3&TermId=58118dfd-8a7e-4103-aacd-4f6392b1cb69"	"en"	""	"200"	"63"	"0"	"3857"	"0"	"9"	"12"	"0"	"0"	"http://www.healthcheck.org/"	""	"Health Check Food Information Program"	""	""	""	"text"	"false"	"false"	"false"	"false"	"false"	"false"	"true"	""	""	"pagefound"	"2025-10-01 23:56:09"	"2026-04-10 03:44:00"	""	""	""	""
"Health Check"	"https://a.osmarks.net/content/wikipedia_en_all_maxi_2020-08/A/Health_Check"	"en"	""	"200"	"37"	"0"	"6461"	"0"	"9"	"26"	"0"	"0"	"http://www.healthcheck.org/faq"	""	"FAQ | Heart&Stroke Health Check Program"	""	""	""	"text"	"false"	"true"	"false"	"false"	"false"	"false"	"true"	""	""	"pagefound"	"2026-08-03 12:11:44"	"2026-08-03 12:11:44"	""	""	""	""
"Tíz dolog, amit tudnod kell a zsírról"	"https://hu.innerself.com/articles/living/health/food-and-nutrition/9600-ten-things-you-need-to-know-about-fat.html"	"hu"	""	"200"	"52"	"0"	"175"	"0"	"22"	"34"	"0"	"0"	"http://www.healthcheck.org/page/different-types-fat"	"Vannak"	"négy fő típusa"	"Az élelmiszereinkben található zsírok csoportja: többszörösen telítetlen, egyszeresen telítetlen, telített"	""	""	"text"	"false"	"true"	"false"	"false"	"false"	"false"	"true"	""	""	"linkfound"	"2026-07-30 05:22:13"	"2026-07-30 05:22:13"	""	"Tom Sanders"	""	""
"IT Support"	"https://www2.hawaii.edu/~amybrown/LINKS.html"	"en"	""	"200"	"88"	"0"	"559384"	"1"	"212"	"402"	"0"	"0"	"http://www.healthcheck.org/"	""	"www.healthcheck.org"	""	""	""	"text"	"false"	"true"	"false"	"false"	"false"	"false"	"true"	""	""	"linkfound"	"2026-06-22 08:48:16"	"2026-06-22 08:48:16"	""	""	"Site page > Services"	"Health > Nutrition > Other; Computers and electronics > Computer hardware; Internet; Food; Reference"
"Thanksgiving dinner: 9 tips for healthy holiday eating | Globalnews.ca"	"https://cbcmoney.live/news/894944/thanksgiving-dinner-9-tips-for-healthy-holiday-eating/"	"en"	"wordpress"	"200"	"0"	"0"	"0"	"0"	"15"	"25"	"0"	"0"	"https://www.healthcheck.org/node/11157"	"Regan and"	"Carol Dombrow"	", a registered dietician with over 25 years of experience"	"http://www.healthcheck.org/node/11157"	"301"	"text"	"false"	"true"	"false"	"false"	"false"	"false"	"true"	""	""	"linkfound"	"2026-07-15 19:48:45"	"2026-07-15 19:48:45"	""	"Carmen Chai"	""	""
"Health Check"	"https://wikipedia.nlaha.com/content/wikipedia_en_all_maxi_2024-01/A/Health_Check"	"en"	""	"200"	"6"	"0"	"0"	"0"	"8"	"25"	"0"	"0"	"https://www.healthcheck.org/faq"	""	"FAQ | Heart & Stroke Health Check Program"	""	"http://www.healthcheck.org/faq"	"301"	"text"	"false"	"true"	"false"	"false"	"false"	"false"	"true"	""	""	"pagefound"	"2026-09-11 17:56:59"	"2026-09-11 17:56:59"	""	""	"Article > Wiki"	"Health > Nutrition > Restricted diets; Food > Food > Natural foods; Business"
"Thanksgiving dinner: 9 tips for healthy holiday eating | Globalnews.ca"	"http://cbcmoney.live/news/894944/thanksgiving-dinner-9-tips-for-healthy-holiday-eating/"	"en"	"wordpress"	"200"	"0"	"0"	"0"	"0"	"15"	"25"	"0"	"0"	"https://www.healthcheck.org/node/11157"	"Regan and"	"Carol Dombrow"	", a registered dietician with over 25 years of experience"	"http://www.healthcheck.org/node/11157"	"301"	"text"	"false"	"true"	"false"	"false"	"false"	"false"	"true"	""	""	"linkfound"	"2026-07-19 08:03:51"	"2026-07-19 08:03:51"	""	"Carmen Chai"	""	""
"What's really inside your breakfast sandwich - Chatelaine"	"https://chatelaine.com/health/diet/whats-really-inside-your-breakfast-sandwich/"	"en"	""	"200"	"77"	"0"	"194423"	"0"	"21"	"37"	"0"	"0"	"http://www.healthcheck.org/recipe/microwave-apple-crisp-omelette"	"2. A"	"pple crisp omelette"	""	""	""	"text"	"false"	"true"	"false"	"false"	"false"	"false"	"true"	""	""	"pagefound"	"2024-01-27 12:40:31"	"2026-09-09 08:52:33"	""	""	"Article > Research"	"Health > Nutrition > Restricted diets; Food > Food > Natural foods"
"Public Policies on Nutrition Labelling: Effects and Implementation Issues - A Knowledge Synthesis"	"https://ccnpps-ncchpp.ca/docs/Synthesis_nutrition_labelling_EN.pdf"	"en"	""	"200"	"42"	"0"	"129"	"0"	"69"	"148"	"0"	"0"	"http://www.healthcheck.org/page/what-consumers-say"	"August 4, 2009:"	"http://www.healthcheck.org/page/what-consumers-say"	"."	""	""	"text"	"false"	"true"	"false"	"false"	"false"	"false"	"true"	""	""	"linkfound"	"2026-09-25 17:59:15"	"2026-09-25 17:59:15"	""	""	"Document > Report"	"Health > Public health > Health policy; Government > Government > Public policy; Business > Biotech; Society"
"No more fucking Pink Things | News of the Restless"	"https://sabinabecker.com/2012/02/no-more-fucking-pink-things.html"	"en"	"wordpress"	"200"	"8"	"0"	"0"	"0"	"240"	"549"	"0"	"0"	"http://www.healthcheck.org/page/products-overview"	""	"http://www.healthcheck.org/page/products-overview"	""	""	""	"text"	"false"	"false"	"true"	"true"	"false"	"false"	"true"	""	""	"pagefound"	"2020-05-17 09:39:27"	"2026-10-01 14:47:34"	""	"Sabina Becker"	"Article > Opinion"	"Health > Women's health; Society > Advocacy > Liberties; Entertainment"
"[Daily] [Merged] 2012/09/09 - Heart & Stroke - ""Time to Start"" $1,000 GC (10 winners, QC yes) - Page 2 - RedFlagDeals.com Forums"	"https://forums.redflagdeals.com/merged-2012-09-09-heart-stroke-time-start-1-000-gc-10-winners-qc-yes-1217778/2/"	"en"	"message-boards"	"200"	"69"	"0"	"998552"	"0"	"11"	"17"	"0"	"0"	"http://www.healthcheck.org/timetostartcontest/rules"	"Rules:"	"http://www.healthcheck.org/timetostartcontest/rules"	""	""	""	"text"	"false"	"true"	"true"	"false"	"false"	"false"	"true"	""	""	"linkrestored"	"2019-01-26 08:26:21"	"2026-09-13 22:50:47"	""	""	"User content > Forum"	"Games > Gambling > Lottery; Leisure > Contests; Sports; Entertainment"
"Regional > North_America > Canada > Health - Jasminecorp Directory"	"http://jcsearch.com/Top/Regional/North_America/Canada/Health"	"en"	""	"200"	"16"	"0"	"0"	"0"	"54"	"151"	"0"	"0"	"http://www.healthcheck.org/"	""	"Health Check"	""	""	""	"text"	"true"	"true"	"false"	"false"	"false"	"false"	"true"	""	""	"pagefound"	"2026-08-23 05:22:22"	"2026-09-19 07:29:44"	""	""	"Listing collection > Business"	"Health > Medical services > Doctors' offices; Reference > Listings > Business"
"Health Check Explained"	"https://everything.explained.today/Health_Check/"	""	""	"200"	"57"	"0"	"0"	"0"	"9"	"27"	"0"	"0"	"http://www.healthcheck.org/page/helping-you-eat-well"	""	"http://www.healthcheck.org/page/helping-you-eat-well"	"Helping You Eat Well | Heart & Stroke Health Check"	""	""	"text"	"false"	"false"	"true"	"false"	"false"	"false"	"true"	""	""	"pagefound"	"2026-08-18 10:16:44"	"2026-08-18 10:16:44"	""	""	"Article > Wiki"	"Health > Nutrition > Restricted diets; Food > Food > Natural foods"
"Hometown Pork - Fresh, Local Wholesome Pork - Canada"	"https://www.hometownpork.ca/"	"en"	""	"200"	"0"	"0"	"0"	"0"	"4"	"4"	"0"	"0"	"http://www.healthcheck.org/"	""	""	""	""	""	"image"	"false"	"false"	"false"	"false"	"false"	"false"	"true"	""	""	"pagefound"	"2023-10-02 16:52:25"	"2026-09-30 00:37:53"	""	""	"Site page > Home"	"Food > Food > Seafood; Business > Forestry > Ranches"
"2014_HealthyEatingforHealthyBlood Pressure_EN_P1017"	"https://src.healthpei.ca/sites/src.healthpei.ca/files/nursingeducation/Care%20Pathways/Hypertenstion/Healthy_Eating_for_Healthy_Blood_Pressure_ENG.pdf"	"en"	""	"200"	"59"	"0"	"3297"	"0"	"8"	"10"	"0"	"0"	"https://www.healthcheck.org/"	"www.hypertension.ca www.dietitians.ca"	"www.healthcheck.org"	"www.dashdiet.org www.sodium101.ca"	""	""	"text"	"false"	"true"	"false"	"false"	"false"	"false"	"true"	""	""	"pagefound"	"2026-09-25 08:38:03"	"2026-09-25 08:38:03"	""	""	"Article > Guide"	"Health > Nutrition > Restricted diets; Food > Food > Natural foods"
"Montreal Directory Quebec Canada Directroy and Greater Montreal Area Montreal business listings and yellow pages- Health > Page 2"	"https://www.gmawebdirectory.com/health/?s=H&p=13"	"en"	""	"200"	"54"	"0"	"0"	"0"	"14"	"23"	"0"	"0"	"https://www.healthcheck.org/"	""	"Health Check"	""	"http://www.healthcheck.org/"	"301"	"text"	"false"	"true"	"false"	"false"	"false"	"false"	"true"	""	""	"linkrestored"	"2023-05-27 08:07:10"	"2026-04-20 20:50:35"	""	""	""	""
"Pizza Pizza Menu Items Earn Health Check - Canadian Pizza Magazine"	"https://www.canadianpizzamag.com/pizza-pizza-menu-items-earn-health-check-4002/"	"en"	"wordpress"	"200"	"43"	"0"	"606"	"0"	"13"	"26"	"0"	"0"	"http://www.healthcheck.org/"	"For further information on the Health Check program, visit"	"www.healthcheck.org"	", or consult the Thinking Healthy section at www.pizzapizza.ca ."	""	""	"text"	"false"	"true"	"false"	"false"	"false"	"false"	"true"	""	""	"pagefound"	"2020-05-28 22:56:43"	"2026-09-08 17:54:52"	""	"Brandi Cowen"	"Article > News"	"Food > Restaurants > Fast food; Health > Nutrition > Restricted diets"
"WIN 1 of 20 Bonnie Stern Cookbooks."	"https://forum.smartcanucks.ca/47497-win-1-20-bonnie-stern-cookbooks-canada-print/"	"en"	"message-boards"	"200"	"48"	"0"	"376913"	"0"	"5"	"12"	"0"	"0"	"http://www.healthcheck.org/en/home/home.html"	""	"http://www.healthcheck.org/en/home/home.html#"	""	""	""	"text"	"false"	"true"	"false"	"false"	"false"	"false"	"true"	""	""	"pagefound"	"2026-05-10 14:45:45"	"2026-10-01 05:49:22"	""	""	"User content > Forum"	"Food > Recipes > Culinary training; Health > Nutrition > Restricted diets; Communities; Leisure"
"Divine Review Squad- Post Grape-nuts Cereal"	"https://forum.smartcanucks.ca/130581-divine-review-squad-post-grape-nuts-cereal-canada-print/"	"en"	"message-boards"	"200"	"48"	"0"	"376913"	"0"	"5"	"12"	"0"	"0"	"http://www.healthcheck.org/"	"of the daily recommended intake. Plus, it qualified for the"	"Heart and Stroke Foundation’s Health CheckTM Program"	", so you know that you’re making a smart, nutritious"	""	""	"text"	"false"	"true"	"false"	"false"	"false"	"false"	"true"	""	""	"pagefound"	"2026-05-23 14:07:04"	"2026-09-20 10:21:29"	""	""	"User content > Reviews"	"Food > Food > Breakfast foods; Health > Nutrition > Restricted diets; Shopping > Consumer > Price comparisons"
"IT Support"	"https://www2.hawaii.edu/~amybrown/LINKS.html"	"en"	""	"200"	"88"	"0"	"559384"	"1"	"212"	"402"	"0"	"0"	"https://www.healthcheck.org/"	""	"www.healthcheck.org"	""	"http://www.healthcheck.org/"	"301"	"text"	"false"	"true"	"false"	"false"	"false"	"false"	"true"	""	""	"linkfound"	"2026-06-22 08:48:16"	"2026-06-22 08:48:16"	""	""	"Site page > Services"	"Health > Nutrition > Other; Computers and electronics > Computer hardware; Internet; Food; Reference"
"Health Check Alberta Restaurant Program - East Phoenix"	"https://www.eastphoenixau.com/h-pages/health-check-alberta-restaurant-program.html"	"en"	""	"200"	"7"	"0"	"0"	"0"	"31"	"64"	"0"	"0"	"http://www.healthcheck.org/en/join-health-check/nutrient-criteria-restaurant/"	""	"Healthcheck - Nutrient Criteria (Restaurant)"	""	""	""	"text"	"false"	"true"	"true"	"false"	"false"	"false"	"true"	""	""	"pagefound"	"2026-08-28 21:42:49"	"2026-08-28 21:42:49"	""	""	"Listing > Business"	"Health > Nutrition > Restricted diets; Food > Restaurants > Reservations; Business > Hospitality industry > Food"
"Montreal Directory Quebec Canada Directroy and Greater Montreal Area Montreal business listings and yellow pages- Health > Page 5"	"https://www.gmawebdirectory.com/health/?s=A&p=31"	"en"	""	"200"	"54"	"0"	"0"	"0"	"14"	"19"	"0"	"0"	"https://www.healthcheck.org/"	""	"Health Check"	""	"http://www.healthcheck.org/"	"301"	"text"	"false"	"true"	"false"	"false"	"false"	"false"	"true"	""	""	"linkrestored"	"2021-04-03 22:31:37"	"2026-04-18 11:59:09"	""	""	""	""
"Health Check"	"https://a.osmarks.net/content/wikipedia_en_all_maxi_2020-08/A/Health_Check"	"en"	""	"200"	"37"	"0"	"6461"	"0"	"9"	"26"	"0"	"0"	"https://www.healthcheck.org/page/nutrient-criteria-grocery-0"	""	"http://www.healthcheck.org/page/nutrient-criteria-grocery-0"	""	"http://www.healthcheck.org/page/nutrient-criteria-grocery-0"	"301"	"text"	"false"	"true"	"false"	"false"	"false"	"false"	"true"	""	""	"pagefound"	"2026-08-03 12:11:44"	"2026-08-03 12:11:44"	""	""	""	""
"5 healthy fast food swaps | Globalnews.ca"	"http://cbcmoney.live/news/657506/5-healthy-fast-food-swaps/"	"en"	"wordpress"	"200"	"0"	"0"	"0"	"0"	"15"	"23"	"0"	"0"	"http://www.healthcheck.org/node/11157"	"to fast food have difficult choices to make, registered dietician"	"Carol Dombrow"	"told Global News. She’s been a dietician with the Heart"	""	""	"text"	"false"	"true"	"false"	"false"	"false"	"false"	"true"	""	""	"pagefound"	"2026-07-19 05:24:22"	"2026-07-19 05:24:22"	""	"Carmen Chai"	""	""
"Corazón y fundación de golpe de Canadá • es.knowledger.de"	"http://es.knowledger.de/0807301/CorazonYFundacionDeGolpeDeCanada"	"es"	""	"200"	"15"	"0"	"0"	"0"	"6"	"7"	"0"	"0"	"https://www.healthcheck.org/"	""	"http://www .healthcheck.org /"	""	"http://www.healthcheck.org/"	"301"	"text"	"false"	"true"	"false"	"false"	"false"	"false"	"true"	""	""	"pagefound"	"2026-07-15 04:05:09"	"2026-07-15 04:05:09"	""	""	""	""
"www.Healthcheck.org - Heart&Stroke Health Check Program"	"http://urlmetriques.co/www.healthcheck.org"	"fr"	""	"200"	"23"	"0"	"614"	"0"	"2"	"3"	"0"	"0"	"http://www.healthcheck.org/"	""	"Accéder au site"	""	""	""	"text"	"false"	"false"	"true"	"false"	"false"	"false"	"true"	""	""	"pagefound"	"2026-05-13 04:55:48"	"2026-05-13 04:55:48"	""	""	""	""
"Uncategorized Archives - Page 510 of 637 - Food Politics by Marion Nestle"	"https://www.foodpolitics.com/category/uncategorized/page/510/"	"en"	"wordpress"	"200"	"69"	"0"	"2300"	"0"	"29"	"81"	"0"	"0"	"http://www.healthcheck.org/story/british-columbia-pizza-huts-get-a-health-check-pizza-hut"	"participation in the program on its website. [Update February 3:"	"Pizza Hut has now announced its participation"	"in the program]"	""	""	"text"	"false"	"true"	"false"	"false"	"false"	"false"	"true"	""	""	"linkfound"	"2026-04-09 03:07:13"	"2026-04-09 03:07:13"	""	""	""	""
"How much sugar should you be eating? How to follow WHO’s guidelines | Globalnews.ca"	"https://cbcmoney.live/news/1203149/how-much-sugar-should-you-be-eating-how-to-follow-whos-guidelines/"	"en"	"wordpress"	"200"	"0"	"0"	"0"	"0"	"13"	"24"	"0"	"0"	"http://www.healthcheck.org/page/katie-jessop-rd"	"you may not recognize as having any sugar in them,”"	"Katie Jessop"	", a registered dietitian with the Heart and Stroke Foundation"	""	""	"text"	"false"	"true"	"false"	"false"	"false"	"false"	"true"	""	""	"pagefound"	"2026-07-23 04:56:14"	"2026-07-23 04:56:14"	""	"Carmen Chai"	""	""
"Healthcheck Restaurants - East Phoenix"	"https://www.eastphoenixau.com/h-pages/healthcheck-restaurants.html"	"en"	""	"200"	"7"	"0"	"0"	"0"	"44"	"59"	"0"	"0"	"http://www.healthcheck.org/en/join-health-check/nutrient-criteria-restaurant/"	""	"Healthcheck - Nutrient Criteria (Restaurant)"	""	""	""	"text"	"false"	"true"	"true"	"false"	"false"	"false"	"true"	""	""	"pagefound"	"2026-08-26 18:49:30"	"2026-08-26 18:49:30"	""	""	"Listing collection > Business"	"Food > Restaurants > Reservations; Health > Nutrition > Restricted diets; Business > Hospitality industry > Food"
"[Daily] 2013/09/08 Heart & Stroke Foundation $1,000 G/C (FB) - RedFlagDeals.com Forums"	"https://forums.redflagdeals.com/2013-09-08-heart-stroke-foundation-1-000-g-c-fb-1373481/"	"en"	"message-boards"	"200"	"69"	"0"	"998552"	"0"	"13"	"29"	"0"	"0"	"https://www.healthcheck.org/2013/rules_fr.php"	"Rules: http://www.healthcheck.org/2013/rules_en.php (EN) and"	"http://www.healthcheck.org/2013/rules_fr.php"	"(FR)"	"http://www.healthcheck.org/2013/rules_fr.php"	"301"	"text"	"false"	"true"	"true"	"false"	"false"	"false"	"true"	""	""	"linkfound"	"2026-05-25 06:51:42"	"2026-08-23 07:10:15"	""	""	"User content > Forum"	"Health > Health conditions > Hypertension; Shopping > Consumer > Price comparisons; Communities"
"www.Myhusky.ca - Home"	"http://urlm.com.br/www.myhusky.ca"	"pt"	""	"200"	"11"	"0"	"1494"	"0"	"4"	"7"	"0"	"0"	"http://www.healthcheck.org/"	""	"healthcheck.org"	"Health Check Program"	"http://urlm.com.br/g/u/h/246570"	"302"	"text"	"false"	"true"	"true"	"false"	"false"	"false"	"true"	""	""	"linkfound"	"2026-07-02 11:10:43"	"2026-07-02 11:10:43"	""	""	""	""
"www.Countrysidefarms.ca - Home | Countryside Farms"	"http://ca.urlm.com/www.countrysidefarms.ca"	"en"	""	"200"	"25"	"0"	"19183"	"0"	"11"	"15"	"0"	"0"	"http://www.healthcheck.org/"	""	"healthcheck.org"	"Heart&Stroke Health Check Program"	"http://ca.urlm.com/g/o/c/85234"	"302"	"text"	"false"	"true"	"true"	"false"	"false"	"false"	"true"	""	""	"linkrestored"	"2025-01-23 12:20:05"	"2026-04-23 05:52:20"	""	""	""	""
"Centre de Pré vention Cardiocasculaire de l‘Ouest de l‘Île"	"http://www.affaki.net/"	"en"	""	"200"	"0"	"0"	"0"	"0"	"19"	"30"	"0"	"0"	"http://www.healthcheck.org/en/home/home.html"	""	""	""	""	""	"text"	"false"	"false"	"false"	"false"	"false"	"false"	"true"	""	""	"linkrestored"	"2024-12-31 16:57:27"	"2026-10-02 11:37:33"	""	""	"Site page > Home"	"Health > Medical services > Treatment centers; Science > Biological sciences"
"Nouveaux concours/7 Février 2012"	"https://quebechance.bbactif.com/t10158-nouveaux-concours-7-fevrier-2012"	"fr"	"message-boards"	"200"	"39"	"0"	"27"	"0"	"6"	"14"	"0"	"0"	"http://www.healthcheck.org/instylecontest/home"	""	"http://www.healthcheck.org/instylecontest/home"	""	""	""	"text"	"false"	"false"	"true"	"false"	"false"	"false"	"true"	""	""	"pagefound"	"2022-07-17 23:39:11"	"2026-09-30 17:49:16"	""	""	"User content > Forum"	"Leisure > Contests; Entertainment > Events > Conventions; Shopping; Society"
"Top 10: Some of the worst foods for your heart’s health - National | Globalnews.ca"	"https://cbcmoney.live/news/436462/top-10-some-of-the-worst-foods-for-your-hearts-health/"	"en"	"wordpress"	"200"	"0"	"0"	"0"	"0"	"12"	"20"	"0"	"0"	"http://www.healthcheck.org/node/11157"	"Month in Canada, Global News asked Heart and Stroke dietician"	"Carol Dombrow"	"for her picks for worst foods for your heart’s health."	""	""	"text"	"false"	"true"	"false"	"false"	"false"	"false"	"true"	""	""	"linkfound"	"2026-07-18 15:50:08"	"2026-07-18 15:50:08"	""	"Carmen Chai"	""	""
"Extreme Pita main page"	"http://www.extremepitast.ca/"	"en"	""	"200"	"0"	"0"	"0"	"2"	"3"	"6"	"0"	"0"	"http://www.healthcheck.org/restosearch?tid=970&keys="	""	""	"Listed Pitas with the Heart and Stroke Foundation"	""	""	"image"	"false"	"false"	"false"	"false"	"false"	"false"	"true"	""	""	"pagefound"	"2014-11-19 02:33:19"	"2026-09-29 15:23:02"	""	""	"Site page > Home"	"Food > Restaurants > Fast food; Business > Hospitality industry > Food; Health > Nutrition > Restricted diets"
"Divine Review Squad- Post Grape-nuts Cereal"	"https://forum.smartcanucks.ca/130581-divine-review-squad-post-grape-nuts-cereal-canada/"	"en"	"message-boards"	"200"	"48"	"0"	"376913"	"0"	"28"	"48"	"0"	"0"	"http://www.healthcheck.org/"	"of the daily recommended intake. Plus, it qualified for the"	"Heart and Stroke Foundation’s Health CheckTM Program"	", so you know that you’re making a smart, nutritious"	""	""	"text"	"false"	"true"	"false"	"false"	"false"	"false"	"true"	""	""	"pagefound"	"2026-05-23 10:08:42"	"2026-09-19 14:50:51"	""	""	"User content > Forum"	"Food > Food > Breakfast foods; Health > Nutrition > Restricted diets; Shopping > Consumer > Price comparisons"
"10 Things You Didn't Know About Fat | RealClearScience"	"https://www.realclearscience.com/articles/2014/07/15/10_things_you_didnt_know_about_fat_108747.html"	"en"	""	"200"	"71"	"0"	"10580"	"0"	"15"	"31"	"0"	"0"	"http://www.healthcheck.org/page/different-types-fat"	"There are"	"four main types"	"of fats in our foods: polyunsaturated, monounsaturated, saturated and transfats."	""	""	"text"	"false"	"true"	"false"	"false"	"false"	"false"	"true"	""	""	"pagefound"	"2025-09-16 13:11:27"	"2026-10-02 00:51:39"	""	"Tom Sanders"	"Article > Listicle"	"Health > Nutrition > Restricted diets; Food > Food > Vegetables; Science > Biological sciences > Genetics"
"FYI - The Heart Truth Campaign and a Meal Time Makeover Contest | Toronto Teacher Mom"	"https://www.torontoteachermom.com/2011/02/fyi-heart-truth-campaign-and-meal-time.html?m=0"	"en"	""	"200"	"27"	"0"	"167"	"0"	"16"	"22"	"0"	"0"	"http://www.healthcheck.org/contest/home"	""	"Enter Health Check’s Meal Time Makeover Contest"	"and you could win the Grand Prize, including:"	""	""	"text"	"false"	"true"	"false"	"false"	"false"	"false"	"true"	""	""	"pagefound"	"2024-08-18 10:17:59"	"2026-04-11 20:47:00"	""	"Diana Mancuso"	""	""
"Weighty Matters: Health Check's Insignificant Revisions"	"http://www.weightymatters.ca/2008/01/health-checks-insignificant-revisions.html"	"en"	""	"200"	"47"	"0"	"47"	"0"	"9"	"20"	"0"	"0"	"https://www.healthcheck.org/en/nutritional-information/nutrient-criteria-grocery.html"	"revisions were released without fanfare or press release on their"	"website"	"this past Friday ("	"http://www.healthcheck.org/en/nutritional-information/nutrient-criteria-grocery.html"	"308"	"text"	"false"	"true"	"false"	"false"	"false"	"false"	"true"	""	""	"linkrestored"	"2023-08-11 20:09:40"	"2026-10-02 13:23:18"	""	""	"Article > News"	"Health > Nutrition > Restricted diets; Beauty > Weight loss"
"bi TORONTO Public Health"	"https://www.toronto.ca/legdocs/mmis/2013/hl/bgrd/backgroundfile-57582.pdf"	"en"	""	"200"	"87"	"0"	"514630"	"2"	"28"	"48"	"0"	"0"	"http://www.healthcheck.org/"	""	"Health Check website (http://www.healthcheck.org/)"	"Toronto Public Health menu labelling workgroup consultations in 2011, 2012"	""	""	"text"	"false"	"true"	"false"	"false"	"false"	"false"	"true"	""	""	"linkfound"	"2026-09-26 11:42:27"	"2026-09-26 11:42:27"	""	""	"Article > Research"	"Health > Public health > Health policy; Government > Government > Public policy; Food > Restaurants; Business > Hospitality industry > Food"
"Rural Economy"	"https://www.ualberta.ca/en/resource-economics-environmental-sociology/media-library/research/project-reports/documents/pr-10-05.pdf"	"en"	""	"200"	"87"	"0"	"374285"	"0"	"3"	"3"	"0"	"0"	"http://www.healthcheck.org/en/about-health-check/meat-alternatives.html"	""	""	""	""	""	"text"	"false"	"true"	"false"	"false"	"false"	"false"	"true"	""	""	"pagefound"	"2026-09-28 17:59:47"	"2026-09-28 17:59:47"	""	"James H. Copeland"	"Document > Report"	"Business > Forestry > Livestock; Food > Food > Seafood; Science"
"Another train wreck: Heart & Stroke Foundation recommends eating candy - Diet Doctor"	"https://strongmetabolism.fit/another-train-wreck-heart-lung-foundation-recommends-eating-candy"	"en"	"wordpress"	"200"	"0"	"0"	"0"	"0"	"11"	"19"	"0"	"0"	"http://www.healthcheck.org/story/health-check-media"	"The Heart and Lung Foundation put out a"	"press release"	"saying that they are trying to develop a “comprehensive position”"	""	""	"text"	"false"	"false"	"false"	"false"	"false"	"false"	"true"	""	""	"pagefound"	"2026-05-05 08:06:54"	"2026-09-27 10:52:42"	""	"Dr. Andreas Eenfeldt"	"Article > Opinion"	"Health > Nutrition > Restricted diets; Food > Recipes > Healthy eating"
"Éducation physique et Éducation à la santé, 6e année - Programme d'études : document de mise en œuvre - Pour un mode de vie actif et sain"	"https://www.edu.gov.mb.ca/m12/frpub/ped/epes/sixieme/docs/gestion_cond_phy.pdf"	""	""	"200"	"86"	"0"	"257821"	"0"	"14"	"21"	"0"	"0"	"http://www.healthcheck.org/french/ff_home.html"	"FONDATION DES MALADIES DU CŒUR. Visez santé, [en ligne], 2002,"	"http://www.healthcheck.org/french/ff_home.html, (janvier 2003)."	""	""	""	"text"	"false"	"true"	"false"	"false"	"false"	"false"	"true"	""	""	"linkfound"	"2026-09-25 23:10:43"	"2026-09-25 23:10:43"	""	"Éducation Manitoba"	"Document > Manual"	"Health > Public health > Occupational health; Science > Biological sciences > Neuroscience; Jobs and education > Education > Secondary schooling"
"Montreal Directory Quebec Canada Directroy and Greater Montreal Area Montreal business listings and yellow pages- Health > Page 3"	"https://www.gmawebdirectory.com/healthpage-3.html"	"en"	""	"200"	"54"	"0"	"0"	"0"	"15"	"24"	"0"	"0"	"https://www.healthcheck.org/"	""	"Health Check"	""	"http://www.healthcheck.org/"	"301"	"text"	"false"	"true"	"false"	"false"	"false"	"false"	"true"	""	""	"linkfound"	"2026-04-21 16:58:05"	"2026-07-28 17:13:49"	""	""	""	""
"Ten things you didn't know about fat"	"https://www.smh.com.au/lifestyle/health-and-wellness/ten-things-you-didnt-know-about-fat-20140715-zt82j.html"	"en"	""	"200"	"90"	"0"	"1355999"	"1"	"36"	"81"	"0"	"0"	"http://www.healthcheck.org/page/different-types-fat"	"There are"	"four main types"	"of fats in our foods: polyunsaturated, monounsaturated, saturated and transfats."	""	""	"text"	"false"	"false"	"false"	"false"	"false"	"true"	"true"	""	""	"pagefound"	"2026-05-17 22:52:44"	"2026-09-29 02:38:05"	""	"Tom Sanders"	"Article > Listicle"	"Health > Nutrition > Restricted diets; Beauty > Weight loss; Food > Food > Natural foods"
"Hometown Pork - Fresh, Local Wholesome Pork - Canada"	"http://www.hometownpork.ca/"	"en"	""	"200"	"0"	"0"	"0"	"2"	"4"	"4"	"0"	"0"	"http://www.healthcheck.org/"	""	""	""	""	""	"image"	"false"	"false"	"false"	"false"	"false"	"false"	"true"	""	""	"pagefound"	"2013-08-09 00:47:19"	"2026-09-30 15:03:02"	""	""	"Site page > Home"	"Food > Food > Seafood; Business > Forestry > Ranches"
"Heart & Stroke Health Check- Nutrition Makeover Contest"	"https://forum.smartcanucks.ca/181642-heart-stroke-health-check-nutrition-makeover-contest-canada/"	"en"	"message-boards"	"200"	"48"	"0"	"376913"	"0"	"19"	"33"	"0"	"0"	"http://www.healthcheck.org/contest/home"	""	"http://www.healthcheck.org/contest/home"	""	""	""	"text"	"false"	"true"	"false"	"false"	"false"	"false"	"true"	""	""	"linkfound"	"2026-09-03 14:38:18"	"2026-09-21 08:43:37"	""	""	"User content > Forum"	"Health > Nutrition > Restricted diets; Food > Recipes > Healthy eating; Shopping > Consumer > Discount; Leisure > Promotional giveaways; Society; Beauty > Weight loss"
"Health Check Explained"	"https://everything.explained.today/Health_Check/"	""	""	"200"	"57"	"0"	"0"	"0"	"9"	"27"	"0"	"0"	"https://www.healthcheck.org/page/helping-you-eat-well"	""	"http://www.healthcheck.org/page/helping-you-eat-well"	"Helping You Eat Well | Heart & Stroke Health Check"	"http://www.healthcheck.org/page/helping-you-eat-well"	"301"	"text"	"false"	"false"	"true"	"false"	"false"	"false"	"true"	""	""	"pagefound"	"2026-08-18 10:16:44"	"2026-08-18 10:16:44"	""	""	"Article > Wiki"	"Health > Nutrition > Restricted diets; Food > Food > Natural foods"
"Enter NOV 1 to win 1 of 14 Schwinn Bicycles from Healthcheck."	"https://forum.smartcanucks.ca/47498-enter-nov-1-win-1-14-schwinn-bicycles-healthcheck-canada-print/"	"en"	"message-boards"	"200"	"48"	"0"	"376913"	"0"	"4"	"12"	"0"	"0"	"https://www.healthcheck.org/en/home/home.html"	"Go to:"	"http://www.healthcheck.org/en/home/home.html#"	"and click on the image shown on right hand side"	"http://www.healthcheck.org/en/home/home.html"	"308"	"text"	"false"	"false"	"false"	"false"	"false"	"false"	"true"	""	""	"linkrestored"	"2026-05-02 20:59:18"	"2026-09-30 11:21:54"	""	""	"User content > Forum"	"Sports > Individual sports > Cycling; Leisure; Autos > Bicycles; Communities"
"How much sugar should you be eating? How to follow WHO’s guidelines | Globalnews.ca"	"https://cbcmoney.live/news/1203149/how-much-sugar-should-you-be-eating-how-to-follow-whos-guidelines/"	"en"	"wordpress"	"200"	"0"	"0"	"0"	"0"	"13"	"24"	"0"	"0"	"http://www.healthcheck.org/"	"in them,” Katie Jessop , a registered dietitian with the"	"Heart and Stroke Foundation"	", said."	""	""	"text"	"false"	"true"	"false"	"false"	"false"	"false"	"true"	""	""	"pagefound"	"2026-07-23 04:56:14"	"2026-07-23 04:56:14"	""	"Carmen Chai"	""	""
"diabetesrisk.hk competitors - Top 20 similar sites like diabetesrisk.hk and alternatives"	"https://www.siteprice.org/competitors/diabetesrisk.hk"	"en"	""	"200"	"72"	"0"	"69248"	"0"	"27"	"31"	"0"	"0"	"https://www.healthcheck.org/"	"healthcheck.org"	""	""	""	""	"text"	"false"	"false"	"true"	"false"	"false"	"false"	"true"	""	""	"linkfound"	"2026-09-30 10:13:42"	"2026-09-30 10:13:42"	""	""	"Listing collection > Service"	"Internet > Web services > Development; Health > Health conditions > Diabetes; Shopping > Consumer > Price comparisons"
"National Heart Foundation of Australia"	"https://ipfs.ssi.eecc.de/ipfs/QmXoypizjW3WknFiJnKLwHCnL72vedxjQkDDP1mXWo6uco/wiki/National_Heart_Foundation_of_Australia.html"	"en"	""	"200"	"27"	"0"	"0"	"0"	"13"	"26"	"0"	"0"	"http://www.healthcheck.org/story/health-check-exit"	"""health check exit"" ."	"http://www.healthcheck.org/story/health-check-exit"	"."	""	""	"text"	"false"	"true"	"false"	"false"	"false"	"false"	"true"	""	""	"linkfound"	"2026-08-22 13:42:48"	"2026-08-22 13:42:48"	""	""	"Listing > Business"	"Health > Health conditions > Hypertension"
"Health Check"	"https://kiwix.enszfarms.org/content/wikipedia_en_all_maxi_2025-08/Health_Check"	"en"	""	"200"	"3.5"	"0"	"0"	"0"	"8"	"22"	"0"	"0"	"http://www.healthcheck.org/faq"	""	"FAQ | Heart & Stroke Health Check Program"	""	""	""	"text"	"false"	"true"	"true"	"false"	"false"	"false"	"true"	""	""	"pagefound"	"2026-09-11 00:37:18"	"2026-09-11 00:37:18"	""	""	"Article > Wiki"	"Health > Nutrition > Restricted diets; Food > Food > Natural foods; Business"
"Healthy grilling: 9 tips for healthy summertime barbecuing | Globalnews.ca"	"https://cbcmoney.live/news/728426/healthy-grilling-9-tips-for-healthy-summertime-barbecuing/"	"en"	"wordpress"	"200"	"0"	"0"	"0"	"0"	"12"	"23"	"0"	"0"	"https://www.healthcheck.org/page/samara-foisy-rd-mhsc"	"of groceries, barbecuing can be healthy and tasty, registered dietician"	"Samara Foisy"	", of the Heart and Stroke Foundation’s Health Check program,"	"http://www.healthcheck.org/page/samara-foisy-rd-mhsc"	"301"	"text"	"false"	"true"	"false"	"false"	"false"	"false"	"true"	""	""	"linkfound"	"2026-07-21 19:04:39"	"2026-07-21 19:04:39"	""	"Carmen Chai"	""	""
"Health Check - Bloomington Indiana 47404 | US Business Search"	"https://findabusinessthat.com/188034/health-check-bloomington-in-47404"	"en"	""	"200"	"21"	"0"	"0"	"0"	"3"	"3"	"0"	"0"	"http://www.healthcheck.org/"	""	"http://www.healthcheck.org"	""	""	""	"text"	"true"	"false"	"true"	"false"	"false"	"false"	"true"	""	""	"linkfound"	"2026-08-27 00:52:24"	"2026-08-27 00:52:24"	""	""	"Listing > Business"	"Beauty > Fitness > Health clubs; Health > Medical services > Doctors' offices; Business > Business services > Consulting"
"2012 Recipe Heart & Stroke Healthy Living Calendar - Online version - RedFlagDeals.com Forums"	"https://forums.redflagdeals.com/2012-recipe-heart-stroke-healthy-living-calendar-online-version-1102905/"	"en"	"message-boards"	"200"	"69"	"0"	"998552"	"0"	"13"	"17"	"0"	"0"	"http://www.healthcheck.org/sites/default/files/editor/HSF_Calendar2012_Eng_OnlineVersion.pdf"	""	"http://www.healthcheck.org/sites/defaul ... ersion.pdf"	""	""	""	"text"	"false"	"true"	"true"	"false"	"false"	"false"	"true"	""	""	"linkrestored"	"2024-04-02 00:18:43"	"2026-09-25 08:59:42"	""	""	"User content > Forum"	"Health > Nutrition > Restricted diets; Food > Recipes > Healthy eating; Reference > General reference; Society"
"Heart & Stroke/Health Check $1000 4 grocery!"	"https://forum.smartcanucks.ca/274045-heart-stroke-health-check-1000-4-grocery-canada-print/"	"en"	"message-boards"	"200"	"48"	"0"	"376913"	"0"	"4"	"12"	"0"	"0"	"https://www.healthcheck.org/instylecontest/home"	""	"http://www.healthcheck.org/instylecontest/home"	""	"http://www.healthcheck.org/instylecontest/home"	"301"	"text"	"false"	"true"	"false"	"false"	"false"	"false"	"true"	""	""	"linkfound"	"2026-09-14 00:26:21"	"2026-09-28 00:30:13"	""	""	"User content > Forum"	"Food > Food > Baked goods; Shopping > Special event items > Gifts; Leisure > Promotional giveaways; Health > Nutrition > Restricted diets"
"Extreme Pita main page"	"https://www.extremepitast.ca/"	"en"	""	"200"	"0"	"0"	"0"	"0"	"3"	"6"	"0"	"0"	"http://www.healthcheck.org/restosearch?tid=970&keys="	""	""	"Listed Pitas with the Heart and Stroke Foundation"	""	""	"image"	"false"	"false"	"false"	"false"	"false"	"false"	"true"	""	""	"pagefound"	"2020-12-26 04:38:33"	"2026-09-30 05:10:53"	""	""	"Site page > Home"	"Food > Restaurants > Fast food; Business > Hospitality industry > Food; Health > Nutrition > Restricted diets"
"10 ways to avoid health-washing on nutrition labels - Chatelaine"	"https://chatelaine.com/health/10-ways-to-avoid-health-washing-on-nutrition-labels/"	"en"	""	"200"	"77"	"0"	"194423"	"0"	"21"	"38"	"0"	"0"	"http://www.healthcheck.org/"	"what allows a product to print labels like the “"	"Health Check"	"” label on its package?"	""	""	"text"	"false"	"true"	"false"	"false"	"false"	"true"	"true"	""	""	"pagefound"	"2025-03-14 10:16:56"	"2026-09-23 20:58:01"	""	""	"Article > Listicle"	"Health > Nutrition > Restricted diets; Food > Food > Natural foods; Business > Business operations > Management"
"The Bussey Family: What will make my poop soft?"	"http://www.thebusseyfamily.ca/2007/09/what-will-make-my-poop-soft.html"	"en"	""	"200"	"0"	"0"	"0"	"0"	"6"	"9"	"0"	"0"	"http://www.healthcheck.org/images/index_logo.jpg"	""	""	""	""	""	"image"	"false"	"true"	"false"	"false"	"false"	"false"	"true"	""	""	"pagefound"	"2013-08-09 23:07:43"	"2026-09-24 12:48:38"	""	""	"Article > How-to"	"Food > Recipes > Healthy eating; Health > Nutrition > Restricted diets; Communities; Society"
"www.5to10aday.com - Mix It Up"	"http://ca.urlm.com/www.5to10aday.com"	"en"	""	"200"	"25"	"0"	"19183"	"0"	"9"	"16"	"0"	"0"	"http://www.healthcheck.org/"	""	"healthcheck.org"	"Heart&Stroke Health Check Program"	"http://ca.urlm.com/g/o/5/45"	"302"	"text"	"false"	"true"	"true"	"false"	"false"	"false"	"true"	""	""	"linkrestored"	"2024-12-24 12:07:55"	"2026-04-18 18:33:39"	""	""	""	""
"www.Shreddedwheat.ca - Post Shredded Wheat Cereal"	"http://urlm.co/www.shreddedwheat.ca"	"en"	""	"200"	"34"	"0"	"950"	"0"	"5"	"8"	"0"	"0"	"https://www.healthcheck.org/"	""	"healthcheck.org"	"Heart&Stroke Health Check Program"	"http://urlm.co/g/o/s/241179, http://www.healthcheck.org/"	"302, 301"	"text"	"false"	"true"	"true"	"false"	"false"	"false"	"true"	""	""	"linkfound"	"2026-06-01 10:46:55"	"2026-06-01 10:46:55"	""	""	""	""
"Centre de Pré vention Cardiocasculaire de l‘Ouest de l‘Île"	"http://affaki.net/"	"en"	""	"200"	"0"	"0"	"0"	"0"	"19"	"32"	"0"	"0"	"http://www.healthcheck.org/fr/home/home.html"	""	""	""	""	""	"text"	"false"	"false"	"false"	"false"	"false"	"false"	"true"	""	""	"linkrestored"	"2022-05-29 17:09:05"	"2026-10-01 03:46:41"	""	""	"Site page > Home"	"Health > Medical services > Treatment centers; Science > Biological sciences"
"ads@thenewsleader.ca"	"https://princetonbcmuseum.com/wp-content/uploads/2023/11/SNL20070327.pdf"	"en"	""	"200"	"4"	"0"	"2"	"0"	"20"	"28"	"0"	"0"	"http://www.healthcheck.org/"	""	""	""	""	""	"text"	"false"	"true"	"false"	"false"	"false"	"false"	"true"	""	""	"linkfound"	"2026-09-25 13:00:06"	"2026-09-25 13:00:06"	""	""	"Article > News"	"Reference > Museums > Libraries; Government > Public safety > Law enforcement; News > Local news; Sensitive; Entertainment"
"Healthy grilling: 9 tips for healthy summertime barbecuing | Globalnews.ca"	"https://cbcmoney.live/news/728426/healthy-grilling-9-tips-for-healthy-summertime-barbecuing/"	"en"	"wordpress"	"200"	"0"	"0"	"0"	"0"	"12"	"23"	"0"	"0"	"http://www.healthcheck.org/"	"dietician Samara Foisy , of the Heart and Stroke Foundation’s"	"Health Check"	"program, said."	""	""	"text"	"false"	"true"	"false"	"false"	"false"	"false"	"true"	""	""	"linkfound"	"2026-07-21 19:04:39"	"2026-07-21 19:04:39"	""	"Carmen Chai"	""	""
"Health Check"	"https://wikipedia.nlaha.com/content/wikipedia_en_all_maxi_2024-01/A/Health_Check"	"en"	""	"200"	"6"	"0"	"0"	"0"	"8"	"25"	"0"	"0"	"https://www.healthcheck.org/page/helping-you-eat-well"	""	"Helping You Eat Well | Heart & Stroke Health Check Program"	""	"http://www.healthcheck.org/page/helping-you-eat-well"	"301"	"text"	"false"	"true"	"false"	"false"	"false"	"false"	"true"	""	""	"pagefound"	"2026-09-11 17:56:59"	"2026-09-11 17:56:59"	""	""	"Article > Wiki"	"Health > Nutrition > Restricted diets; Food > Food > Natural foods; Business"
"[Daily] [Merged] 2012/09/09 - Heart & Stroke - ""Time to Start"" $1,000 GC (10 winners, QC yes) - RedFlagDeals.com Forums"	"https://forums.redflagdeals.com/merged-2012-09-09-heart-stroke-time-start-1-000-gc-10-winners-qc-yes-1217778/"	"en"	"message-boards"	"200"	"69"	"0"	"998552"	"0"	"11"	"17"	"0"	"0"	"http://www.healthcheck.org/timetostartcontest/rules"	"Rules:"	"http://www.healthcheck.org/timetostartcontest/rules"	""	""	""	"text"	"false"	"true"	"true"	"false"	"false"	"false"	"true"	""	""	"linkrestored"	"2019-01-24 17:56:38"	"2026-09-06 02:24:08"	""	""	"User content > Forum"	"Leisure > Contests; Entertainment > Events > Music festivals; Games > Gambling > Lottery; Sports"
"Heart & Stroke Health Check ""Meal Time Makeover"" 10winners *join program"	"https://forum.smartcanucks.ca/180281-heart-stroke-health-check-meal-time-makeover-10winners-join-program-canada-print/"	"en"	"message-boards"	"200"	"48"	"0"	"376913"	"0"	"4"	"16"	"0"	"0"	"http://www.healthcheck.org/contest/prizes-weekly"	""	"http://www.healthcheck.org/contest/prizes-weekly"	""	""	""	"text"	"false"	"true"	"false"	"false"	"false"	"false"	"true"	""	""	"pagefound"	"2026-05-17 22:39:12"	"2026-09-19 17:38:05"	""	""	"User content > Forum"	"Health > Nutrition > Restricted diets; Beauty > Weight loss; Food > Recipes; Entertainment; Leisure"
